/*!40101 SET @OLD_CHARACTER_SET_CLIENT=@@CHARACTER_SET_CLIENT */;
/*!40101 SET NAMES utf8 */;
/*!50503 SET NAMES utf8mb4 */;
/*!40014 SET @OLD_FOREIGN_KEY_CHECKS=@@FOREIGN_KEY_CHECKS, FOREIGN_KEY_CHECKS=0 */;
/*!40101 SET @OLD_SQL_MODE=@@SQL_MODE, SQL_MODE='NO_AUTO_VALUE_ON_ZERO' */;

CREATE DATABASE IF NOT EXISTS `asphalt` /*!40100 DEFAULT CHARACTER SET utf8 */;
USE `asphalt`;

CREATE TABLE IF NOT EXISTS `calendar` (
  `id` smallint(5) unsigned NOT NULL AUTO_INCREMENT,
  `event_name` varchar(32) COLLATE utf8mb4_unicode_ci NOT NULL,
  `duration_day` smallint(5) unsigned DEFAULT '0',
  `day_start_at` datetime DEFAULT NULL,
  `day_finish_at` datetime DEFAULT NULL,
  PRIMARY KEY (`id`),
  KEY `search_idx` (`id`)
) ENGINE=InnoDB DEFAULT CHARSET=utf8mb4 COLLATE=utf8mb4_unicode_ci;

/*!40000 ALTER TABLE `calendar` DISABLE KEYS */;
INSERT IGNORE INTO `calendar` (`id`, `event_name`, `duration_day`, `day_start_at`, `day_finish_at`) VALUES
	(1, 'Season', 21, '2020-10-23 12:00:00', '2020-11-13 12:00:00'),
	(2, 'Special Event', 21, '2020-10-23 12:00:00', '2020-11-13 12:00:00'),
	(3, 'Multi 1', 14, '2020-10-23 12:00:00', '2020-11-06 12:00:00'),
	(4, 'Multi 2', 7, '2020-10-23 12:00:00', '2020-10-30 12:00:00'),
	(5, 'Multi 3', 7, '2020-10-23 12:00:00', '2020-10-30 12:00:00'),
	(6, 'Events', 7, '2020-10-23 12:00:00', '2020-10-30 12:00:00'),
	(7, 'Missions', 56, '2020-10-22 12:00:00', '2020-12-17 12:00:00'),
	(8, 'GP', 16, '2020-10-23 12:00:00', '2020-11-08 12:00:00');
/*!40000 ALTER TABLE `calendar` ENABLE KEYS */;

CREATE TABLE IF NOT EXISTS `dropdown` (
  `id` smallint(5) unsigned NOT NULL AUTO_INCREMENT,
  `name` varchar(64) COLLATE utf8mb4_unicode_ci NOT NULL,
  `items` longtext COLLATE utf8mb4_unicode_ci COMMENT '(DC2Type:json)',
  PRIMARY KEY (`id`),
  KEY `search_idx` (`id`)
) ENGINE=InnoDB DEFAULT CHARSET=utf8mb4 COLLATE=utf8mb4_unicode_ci;

/*!40000 ALTER TABLE `dropdown` DISABLE KEYS */;
/*!40000 ALTER TABLE `dropdown` ENABLE KEYS */;

CREATE TABLE IF NOT EXISTS `garage` (
  `id` smallint(5) unsigned NOT NULL AUTO_INCREMENT,
  `brand_id` smallint(5) unsigned NOT NULL,
  `model` varchar(128) COLLATE utf8mb4_unicode_ci NOT NULL,
  `class` varchar(1) COLLATE utf8mb4_unicode_ci NOT NULL,
  `is_block` tinyint(1) NOT NULL DEFAULT '1',
  `is_gold` tinyint(1) NOT NULL DEFAULT '0',
  `update_number` smallint(5) unsigned DEFAULT NULL,
  `order_garage` smallint(5) unsigned NOT NULL,
  `order_class` smallint(5) unsigned NOT NULL,
  `group_filter` varchar(8) COLLATE utf8mb4_unicode_ci DEFAULT NULL,
  `win_event` varchar(32) COLLATE utf8mb4_unicode_ci DEFAULT NULL,
  `level_full` smallint(5) unsigned DEFAULT NULL,
  `level_my` smallint(5) unsigned DEFAULT NULL,
  `commons_full` smallint(5) unsigned DEFAULT NULL,
  `commons_my` smallint(5) unsigned DEFAULT NULL,
  `rares_full` smallint(5) unsigned DEFAULT NULL,
  `rares_my` smallint(5) unsigned DEFAULT NULL,
  `epics_full` smallint(5) unsigned DEFAULT NULL,
  `epics_my` smallint(5) unsigned DEFAULT NULL,
  `blueprint_star1_full` varchar(8) COLLATE utf8mb4_unicode_ci DEFAULT NULL,
  `blueprint_star1_my` varchar(8) COLLATE utf8mb4_unicode_ci DEFAULT NULL,
  `blueprint_star2_full` smallint(5) unsigned DEFAULT NULL,
  `blueprint_star2_my` smallint(5) unsigned DEFAULT NULL,
  `blueprint_star3_full` smallint(5) unsigned DEFAULT NULL,
  `blueprint_star3_my` smallint(5) unsigned DEFAULT NULL,
  `blueprint_star4_full` smallint(5) unsigned DEFAULT NULL,
  `blueprint_star4_my` smallint(5) unsigned DEFAULT NULL,
  `blueprint_star5_full` smallint(5) unsigned DEFAULT NULL,
  `blueprint_star5_my` smallint(5) unsigned DEFAULT NULL,
  `blueprint_star6_full` smallint(5) unsigned DEFAULT NULL,
  `blueprint_star6_my` smallint(5) unsigned DEFAULT NULL,
  `rank_start` smallint(5) unsigned DEFAULT NULL,
  `rank_star1_full` smallint(5) unsigned DEFAULT NULL,
  `rank_star1_my` smallint(5) unsigned DEFAULT NULL,
  `rank_star2_full` smallint(5) unsigned DEFAULT NULL,
  `rank_star2_my` smallint(5) unsigned DEFAULT NULL,
  `rank_star3_full` smallint(5) unsigned DEFAULT NULL,
  `rank_star3_my` smallint(5) unsigned DEFAULT NULL,
  `rank_star4_full` smallint(5) unsigned DEFAULT NULL,
  `rank_star4_my` smallint(5) unsigned DEFAULT NULL,
  `rank_star5_full` smallint(5) unsigned DEFAULT NULL,
  `rank_star5_my` smallint(5) unsigned DEFAULT NULL,
  `rank_star6_full` smallint(5) unsigned DEFAULT NULL,
  `rank_star6_my` smallint(5) unsigned DEFAULT NULL,
  `speed_min` double DEFAULT NULL,
  `speed_max` double DEFAULT NULL,
  `speed` double DEFAULT NULL,
  `acceleration_min` double DEFAULT NULL,
  `acceleration_max` double DEFAULT NULL,
  `acceleration` double DEFAULT NULL,
  `handly_min` double DEFAULT NULL,
  `handly_max` double DEFAULT NULL,
  `handly` double DEFAULT NULL,
  `nitro_min` double DEFAULT NULL,
  `nitro_max` double DEFAULT NULL,
  `nitro` double DEFAULT NULL,
  `price_unit_level01` int(10) unsigned NOT NULL DEFAULT '0',
  `price_unit_level02` int(10) unsigned NOT NULL DEFAULT '0',
  `price_unit_level03` int(10) unsigned NOT NULL DEFAULT '0',
  `price_unit_level04` int(10) unsigned NOT NULL DEFAULT '0',
  `price_unit_level05` int(10) unsigned NOT NULL DEFAULT '0',
  `price_unit_level06` int(10) unsigned NOT NULL DEFAULT '0',
  `price_unit_level07` int(10) unsigned NOT NULL DEFAULT '0',
  `price_unit_level08` int(10) unsigned NOT NULL DEFAULT '0',
  `price_unit_level09` int(10) unsigned NOT NULL DEFAULT '0',
  `price_unit_level10` int(10) unsigned NOT NULL DEFAULT '0',
  `price_unit_level11` int(10) unsigned DEFAULT NULL,
  `price_unit_level12` int(10) unsigned DEFAULT NULL,
  `price_unit_level13` int(10) unsigned DEFAULT NULL,
  `price_unit_common` int(10) unsigned NOT NULL DEFAULT '0',
  `price_unit_rare` int(10) unsigned NOT NULL DEFAULT '0',
  `price_unit_epic` int(10) unsigned DEFAULT NULL,
  `upgrade_level01` smallint(5) unsigned DEFAULT NULL,
  `upgrade_level02` smallint(5) unsigned DEFAULT NULL,
  `upgrade_level03` smallint(5) unsigned DEFAULT NULL,
  `upgrade_level04` smallint(5) unsigned DEFAULT NULL,
  `upgrade_level05` smallint(5) unsigned DEFAULT NULL,
  `upgrade_level06` smallint(5) unsigned DEFAULT NULL,
  `upgrade_level07` smallint(5) unsigned DEFAULT NULL,
  `upgrade_level08` smallint(5) unsigned DEFAULT NULL,
  `upgrade_level09` smallint(5) unsigned DEFAULT NULL,
  `upgrade_level10` smallint(5) unsigned DEFAULT NULL,
  `upgrade_level11` smallint(5) unsigned DEFAULT NULL,
  `upgrade_level12` smallint(5) unsigned DEFAULT NULL,
  `upgrade_level13` smallint(5) unsigned DEFAULT NULL,
  `upgrade_common` smallint(5) unsigned DEFAULT NULL,
  `upgrade_rare` smallint(5) unsigned DEFAULT NULL,
  `upgrade_epic` smallint(5) unsigned DEFAULT NULL,
  PRIMARY KEY (`id`),
  KEY `IDX_9F26610B44F5D008` (`brand_id`),
  KEY `search_idx` (`id`),
  CONSTRAINT `FK_9F26610B44F5D008` FOREIGN KEY (`brand_id`) REFERENCES `garage_brand` (`id`)
) ENGINE=InnoDB DEFAULT CHARSET=utf8mb4 COLLATE=utf8mb4_unicode_ci;

/*!40000 ALTER TABLE `garage` DISABLE KEYS */;
INSERT IGNORE INTO `garage` (`id`, `brand_id`, `model`, `class`, `is_block`, `is_gold`, `update_number`, `order_garage`, `order_class`, `group_filter`, `win_event`, `level_full`, `level_my`, `commons_full`, `commons_my`, `rares_full`, `rares_my`, `epics_full`, `epics_my`, `blueprint_star1_full`, `blueprint_star1_my`, `blueprint_star2_full`, `blueprint_star2_my`, `blueprint_star3_full`, `blueprint_star3_my`, `blueprint_star4_full`, `blueprint_star4_my`, `blueprint_star5_full`, `blueprint_star5_my`, `blueprint_star6_full`, `blueprint_star6_my`, `rank_start`, `rank_star1_full`, `rank_star1_my`, `rank_star2_full`, `rank_star2_my`, `rank_star3_full`, `rank_star3_my`, `rank_star4_full`, `rank_star4_my`, `rank_star5_full`, `rank_star5_my`, `rank_star6_full`, `rank_star6_my`, `speed_min`, `speed_max`, `speed`, `acceleration_min`, `acceleration_max`, `acceleration`, `handly_min`, `handly_max`, `handly`, `nitro_min`, `nitro_max`, `nitro`, `price_unit_level01`, `price_unit_level02`, `price_unit_level03`, `price_unit_level04`, `price_unit_level05`, `price_unit_level06`, `price_unit_level07`, `price_unit_level08`, `price_unit_level09`, `price_unit_level10`, `price_unit_level11`, `price_unit_level12`, `price_unit_level13`, `price_unit_common`, `price_unit_rare`, `price_unit_epic`, `upgrade_level01`, `upgrade_level02`, `upgrade_level03`, `upgrade_level04`, `upgrade_level05`, `upgrade_level06`, `upgrade_level07`, `upgrade_level08`, `upgrade_level09`, `upgrade_level10`, `upgrade_level11`, `upgrade_level12`, `upgrade_level13`, `upgrade_common`, `upgrade_rare`, `upgrade_epic`) VALUES
	(1, 32, 'Lancer Evolution', 'D', 0, 1, 0, 1, 1, '', '', 10, 10, 20, 20, 4, 4, 0, 0, '5', '5', 8, 8, 45, 45, 0, 0, 0, 0, 0, 0, 467, 789, NULL, 1066, NULL, 1381, NULL, NULL, NULL, NULL, NULL, NULL, NULL, 250, 270, NULL, 42, 55, NULL, 46, 53, NULL, 54, 68, NULL, 1500, 2400, 3900, 5900, 8500, 12000, 16500, 23000, 32500, 45500, NULL, NULL, NULL, 5000, 10000, NULL, NULL, NULL, NULL, NULL, NULL, NULL, NULL, NULL, NULL, NULL, NULL, NULL, NULL, NULL, NULL, NULL),
	(2, 9, 'Z4 LCI E89', 'D', 0, 1, 0, 2, 1, '', '', 10, 10, 20, 20, 4, 4, 0, 0, '5', '5', 8, 8, 45, 45, 0, 0, 0, 0, 0, 0, 518, 855, NULL, 1111, NULL, 1476, NULL, NULL, NULL, NULL, NULL, NULL, NULL, 250, 266, NULL, 58, 68, NULL, 39, 47, NULL, 45, 57, NULL, 1500, 2400, 3900, 5900, 8500, 12000, 16500, 23000, 32500, 45500, NULL, NULL, NULL, 5000, 10000, NULL, NULL, NULL, NULL, NULL, NULL, NULL, NULL, NULL, NULL, NULL, NULL, NULL, NULL, NULL, NULL, NULL),
	(3, 33, 'Leaf Nismo RC', 'D', 0, 1, 9, 3, 1, '', '', 10, 10, 20, 20, 4, 4, 0, 0, '15', '15', 25, 25, 55, 55, 0, 0, 0, 0, 0, 0, 556, 904, NULL, 1232, NULL, 1546, NULL, NULL, NULL, NULL, NULL, NULL, NULL, 220, 244, NULL, 69, 78, NULL, 38, 59, NULL, 48, 64, NULL, 1150, 1900, 3000, 4500, 6500, 9000, 12500, 18000, 25000, 35000, NULL, NULL, NULL, 5000, 10000, NULL, NULL, NULL, NULL, NULL, NULL, NULL, NULL, NULL, NULL, NULL, NULL, NULL, NULL, NULL, NULL, NULL),
	(4, 33, '37OZ Nismo', 'D', 0, 1, 0, 4, 1, '', '', 10, 10, 20, 20, 4, 4, 0, 0, '25', '25', 8, 8, 30, 30, 0, 0, 0, 0, 0, 0, 311, 761, NULL, 1179, NULL, 1569, NULL, NULL, NULL, NULL, NULL, NULL, NULL, 250, 268, NULL, 53, 66, NULL, 52, 81, NULL, 41, 67, NULL, 1500, 2400, 3900, 5900, 8500, 12000, 16500, 23000, 32500, 45500, NULL, NULL, NULL, 5000, 10000, NULL, NULL, NULL, NULL, NULL, NULL, NULL, NULL, NULL, NULL, NULL, NULL, NULL, NULL, NULL, NULL, NULL),
	(5, 13, 'Camaro LT', 'D', 0, 1, 0, 5, 1, '', '', 10, 10, 20, 20, 4, 4, 0, 0, '5', '5', 12, 12, 30, 30, 0, 0, 0, 0, 0, 0, 620, 991, NULL, 1337, NULL, 1662, NULL, NULL, NULL, NULL, NULL, NULL, NULL, 265, 284, NULL, 51, 64, NULL, 41, 48, NULL, 48, 63, NULL, 1500, 2400, 3900, 5900, 8500, 12000, 16500, 23000, 32500, 45500, NULL, NULL, NULL, 5000, 10000, NULL, NULL, NULL, NULL, NULL, NULL, NULL, NULL, NULL, NULL, NULL, NULL, NULL, NULL, NULL, NULL, NULL),
	(6, 48, 'XL Sport Concept', 'D', 0, 1, 0, 6, 1, '', '', 10, 10, 20, 20, 4, 4, 0, 0, '25', '25', 8, 8, 30, 30, 0, 0, 0, 0, 0, 0, 706, 1101, NULL, 1466, NULL, 1814, NULL, NULL, NULL, NULL, NULL, NULL, NULL, 270, 291, NULL, 46, 60, NULL, 49, 62, NULL, 42, 61, NULL, 1500, 2400, 3900, 5900, 8500, 12000, 16500, 23000, 32500, 45500, NULL, NULL, NULL, 5000, 10000, NULL, NULL, NULL, NULL, NULL, NULL, NULL, NULL, NULL, NULL, NULL, NULL, NULL, NULL, NULL, NULL, NULL),
	(7, 15, 'DS E-Tense', 'D', 0, 1, 0, 7, 1, '', '', 10, 10, 20, 20, 4, 4, 0, 0, '25', '25', 8, 8, 30, 30, 0, 0, 0, 0, 0, 0, 799, 1216, NULL, 1607, NULL, 1976, NULL, NULL, NULL, NULL, NULL, NULL, NULL, 250, 270, NULL, 59, 76, NULL, 45, 81, NULL, 51, 72, NULL, 1500, 2400, 3900, 5900, 8500, 12000, 16500, 23000, 32500, 45500, NULL, NULL, NULL, 5000, 10000, NULL, NULL, NULL, NULL, NULL, NULL, NULL, NULL, NULL, NULL, NULL, NULL, NULL, NULL, NULL, NULL, NULL),
	(8, 14, 'Pack Challenger 392 Hemi Scat', 'D', 0, 1, 0, 8, 1, '', '', 10, 10, 20, 20, 4, 4, 0, 0, '25', '25', 8, 8, 30, 30, 0, 0, 0, 0, 0, 0, 899, 1337, NULL, 1757, NULL, 2144, NULL, NULL, NULL, NULL, NULL, NULL, NULL, 283, 299, NULL, 62, 72, NULL, 36, 43, NULL, 50, 62, NULL, 1500, 2400, 3900, 5900, 8500, 12000, 16500, 23000, 32500, 45500, NULL, NULL, NULL, 5000, 10000, NULL, NULL, NULL, NULL, NULL, NULL, NULL, NULL, NULL, NULL, NULL, NULL, NULL, NULL, NULL, NULL, NULL),
	(9, 36, '718 Cayman', 'D', 0, 1, 0, 9, 1, '', '', 11, 11, 28, 28, 8, 8, 4, 4, '25', '25', 8, 8, 14, 14, 28, 28, 0, 0, 0, 0, 1006, 1310, NULL, 1658, NULL, 2016, NULL, 2360, NULL, NULL, NULL, NULL, NULL, 275, 295, NULL, 55, 70, NULL, 51, 61, NULL, 39, 60, NULL, 2190, 3600, 5700, 8600, 12400, 17500, 24000, 34000, 47500, 66500, 93000, NULL, NULL, 10000, 20000, 60000, NULL, NULL, NULL, NULL, NULL, NULL, NULL, NULL, NULL, NULL, NULL, NULL, NULL, NULL, NULL, NULL),
	(10, 27, 'Elise Sprint 220', 'D', 0, 1, 1, 10, 1, '', '', 11, 11, 28, 28, 8, 8, 4, 4, '10', '10', 12, 12, 18, 18, 28, 28, 0, 0, 0, 0, 587, 1004, NULL, 1468, NULL, 1942, NULL, 2390, NULL, NULL, NULL, NULL, NULL, 234, 270, NULL, 59, 82, NULL, 54, 83, NULL, 47, 72, NULL, 2190, 3600, 5700, 8600, 12400, 17500, 24000, 34000, 47500, 66500, 93000, NULL, NULL, 10000, 20000, 60000, NULL, NULL, NULL, NULL, NULL, NULL, NULL, NULL, NULL, NULL, NULL, NULL, NULL, NULL, NULL, NULL),
	(11, 18, 'Shelby GT350R', 'D', 0, 1, 0, 11, 1, '', '', 11, 11, 28, 28, 8, 8, 4, 4, '25', '25', 12, 12, 18, 18, 28, 28, 0, 0, 0, 0, 1121, 1437, NULL, 1810, NULL, 2179, NULL, 2548, NULL, NULL, NULL, NULL, NULL, 276, 299, NULL, 64, 75, NULL, 47, 58, NULL, 34, 52, NULL, 2190, 3600, 5700, 8600, 12400, 17500, 24000, 34000, 47500, 66500, 93000, NULL, NULL, 10000, 20000, 60000, NULL, NULL, NULL, NULL, NULL, NULL, NULL, NULL, NULL, NULL, NULL, NULL, NULL, NULL, NULL, NULL),
	(12, 36, '911 Targa 4S', 'D', 0, 1, 6, 12, 1, '', '', 11, 11, 28, 28, 8, 8, 4, 4, '30', '30', 23, 23, 33, 33, 42, 42, 0, 0, 0, 0, 1063, 1397, NULL, 1790, NULL, 2192, NULL, 2589, NULL, NULL, NULL, NULL, NULL, 303, 315, NULL, 64, 75, NULL, 29, 41, NULL, 18, 38, NULL, 4370, 7100, 11400, 17100, 24700, 34500, 48500, 68000, 95000, 133000, 186000, NULL, NULL, 20000, 40000, 120000, NULL, NULL, NULL, NULL, NULL, NULL, NULL, NULL, NULL, NULL, NULL, NULL, NULL, NULL, NULL, NULL),
	(13, 20, 'G60', 'D', 0, 1, 6, 13, 1, '', '', 11, 11, 28, 28, 8, 8, 4, 4, '30', '30', 23, 23, 33, 33, 42, 42, 0, 0, 0, 0, 1181, 1517, NULL, 1891, NULL, 2277, NULL, 2646, NULL, NULL, NULL, NULL, NULL, 275, 290, NULL, 57, 71, NULL, 54, 74, NULL, 46, 62, NULL, 4370, 7100, 11400, 17100, 24700, 34500, 48500, 68000, 95000, 133000, 186000, NULL, NULL, 20000, 40000, 120000, NULL, NULL, NULL, NULL, NULL, NULL, NULL, NULL, NULL, NULL, NULL, NULL, NULL, NULL, NULL, NULL),
	(14, 21, 'Civic Type-R', 'D', 0, 0, 10, 14, 1, '', '', 11, 11, 28, 10, 8, 0, 4, 0, '30', '30', 23, 23, 33, 33, 42, 42, 0, 0, 0, 0, 1243, 1578, NULL, 1951, NULL, 2334, NULL, 2698, NULL, NULL, NULL, NULL, NULL, 271, 285, NULL, 72, 82, NULL, 41, 68, NULL, 36, 62, NULL, 4370, 7100, 11400, 17100, 24700, 34500, 48500, 68000, 95000, 133000, 186000, NULL, NULL, 20000, 40000, 120000, NULL, NULL, NULL, NULL, NULL, NULL, NULL, NULL, NULL, NULL, NULL, NULL, NULL, NULL, NULL, NULL),
	(15, 36, 'Taycan Turbo S', 'D', 0, 0, 11, 15, 1, '', 'Pass', 11, 9, 28, 20, 8, 0, 4, 0, '30', '30', 23, 23, 33, 33, 42, 0, 0, 0, 0, 0, 1274, 1616, NULL, 1988, NULL, 2369, NULL, 2724, NULL, NULL, NULL, NULL, NULL, 260, 0, NULL, 74, 0, NULL, 52, 0, NULL, 37, 0, NULL, 4370, 7100, 11400, 17100, 24700, 34500, 48500, 68000, 95000, 133000, 186000, NULL, NULL, 20000, 40000, 120000, NULL, NULL, NULL, NULL, NULL, NULL, NULL, NULL, NULL, NULL, NULL, NULL, NULL, NULL, NULL, NULL),
	(16, 44, 'Griffith', 'D', 0, 1, 7, 16, 1, '', '', 11, 11, 28, 28, 8, 8, 4, 4, '30', '30', 23, 23, 33, 33, 42, 42, 0, 0, 0, 0, 1307, 1630, NULL, 2001, NULL, 2381, NULL, 2751, NULL, NULL, NULL, NULL, NULL, 322, 338, NULL, 64, 69, NULL, 39, 47, NULL, 17, 37, NULL, 4370, 7100, 11400, 17100, 24700, 34500, 48500, 68000, 95000, 133000, 186000, NULL, NULL, 20000, 40000, 120000, NULL, NULL, NULL, NULL, NULL, NULL, NULL, NULL, NULL, NULL, NULL, NULL, NULL, NULL, NULL, NULL),
	(17, 8, 'Continental GT3', 'D', 1, 0, 14, 17, 1, '', 'GP', 11, 4, 28, 5, 8, 0, 4, 0, '0', '0', 26, 20, 0, 0, 0, 0, 0, 0, 0, 0, NULL, NULL, NULL, NULL, NULL, NULL, NULL, NULL, NULL, NULL, NULL, NULL, NULL, 285, 301, NULL, 65, 74, NULL, 45, 72, NULL, 19, 43, NULL, 4370, 7100, 11400, 17100, 24700, 34500, 48500, 68000, 95000, 133000, 186000, NULL, NULL, 20000, 40000, 120000, NULL, NULL, NULL, NULL, NULL, NULL, NULL, NULL, NULL, NULL, NULL, NULL, NULL, NULL, NULL, NULL),
	(18, 29, 'Furai', 'D', 0, 1, 9, 18, 1, '', '', 11, 11, 28, 28, 8, 8, 4, 4, '30', '30', 23, 23, 33, 33, 42, 42, 0, 0, 0, 0, 1372, 1712, NULL, 2095, NULL, 2486, NULL, 2853, NULL, NULL, NULL, NULL, NULL, 290, 305, NULL, 71, 80, NULL, 43, 57, NULL, 30, 49, NULL, 4370, 7100, 11400, 17100, 24700, 34500, 48500, 68000, 95000, 133000, 186000, NULL, NULL, 20000, 40000, 120000, NULL, NULL, NULL, NULL, NULL, NULL, NULL, NULL, NULL, NULL, NULL, NULL, NULL, NULL, NULL, NULL),
	(19, 13, 'Corvette C7.R', 'D', 1, 0, 13, 19, 1, '', 'GP', 11, 6, 28, 12, 8, 0, 4, 0, '0', '0', 22, 22, 30, 5, 0, 0, 0, 0, 0, 0, NULL, NULL, NULL, NULL, NULL, NULL, NULL, NULL, NULL, NULL, NULL, NULL, NULL, 295, 307, NULL, 71, 80, NULL, 34, 47, NULL, 35, 57, NULL, 4370, 7100, 11400, 17100, 24700, 34500, 48500, 68000, 95000, 133000, 186000, NULL, NULL, 20000, 40000, 120000, NULL, NULL, NULL, NULL, NULL, NULL, NULL, NULL, NULL, NULL, NULL, NULL, NULL, NULL, NULL, NULL),
	(20, 14, 'Challenger SRT8', 'C', 0, 0, 0, 1, 2, '', '', 10, 10, 16, 16, 4, 4, 4, 0, '35', '35', 20, 20, 50, 50, 0, 0, 0, 0, 0, 0, 799, 1075, NULL, 1425, NULL, 1687, NULL, NULL, NULL, NULL, NULL, NULL, NULL, 292, 0, NULL, 64, 0, NULL, 26, 0, NULL, 23, 0, NULL, 1500, 2400, 3900, 5900, 8500, 12000, 16500, 23000, 32500, 45500, NULL, NULL, NULL, 10000, 20000, 60000, NULL, NULL, NULL, NULL, NULL, NULL, NULL, NULL, NULL, NULL, NULL, NULL, NULL, NULL, NULL, NULL),
	(21, 9, '3.0 CSL Hommage', 'C', 0, 0, 0, 2, 2, '', '', 10, 10, 16, 16, 4, 4, 4, 2, '35', '35', 20, 20, 50, 50, 0, 0, 0, 0, 0, 0, 899, 1180, NULL, 1550, NULL, 1826, NULL, NULL, NULL, NULL, NULL, NULL, NULL, 280, 297, NULL, 63, 73, NULL, 44, 50, NULL, 39, 51, NULL, 1500, 2400, 3900, 5900, 8500, 12000, 16500, 23000, 32500, 45500, NULL, NULL, NULL, 10000, 20000, 60000, NULL, NULL, NULL, NULL, NULL, NULL, NULL, NULL, NULL, NULL, NULL, NULL, NULL, NULL, NULL, NULL),
	(22, 27, 'Evora Sport 410', 'C', 0, 1, 0, 3, 2, '', '', 10, 10, 16, 16, 4, 4, 4, 4, '35', '35', 20, 20, 50, 50, 0, 0, 0, 0, 0, 0, 984, 1297, NULL, 1682, NULL, 1971, NULL, NULL, NULL, NULL, NULL, NULL, NULL, 300, 317, NULL, 62, 71, NULL, 44, 50, NULL, 36, 47, NULL, 1500, 2400, 3900, 5900, 8500, 12000, 16500, 23000, 32500, 45500, NULL, NULL, NULL, 10000, 20000, 60000, NULL, NULL, NULL, NULL, NULL, NULL, NULL, NULL, NULL, NULL, NULL, NULL, NULL, NULL, NULL, NULL),
	(23, 13, 'Camaro ZL1 50th Edition', 'C', 0, 1, 0, 4, 2, '', '', 10, 10, 16, 16, 4, 4, 4, 4, '35', '35', 20, 20, 50, 50, 0, 0, 0, 0, 0, 0, 1086, 1409, NULL, 1814, NULL, 2123, NULL, NULL, NULL, NULL, NULL, NULL, NULL, 250, 271, NULL, 63, 78, NULL, 58, 83, NULL, 49, 72, NULL, 1500, 2400, 3900, 5900, 8500, 12000, 16500, 23000, 32500, 45500, NULL, NULL, NULL, 10000, 20000, 60000, NULL, NULL, NULL, NULL, NULL, NULL, NULL, NULL, NULL, NULL, NULL, NULL, NULL, NULL, NULL, NULL),
	(24, 31, 'AMG GT S', 'C', 0, 1, 0, 5, 2, '', '', 10, 10, 16, 16, 4, 4, 4, 4, '35', '35', 20, 20, 50, 50, 0, 0, 0, 0, 0, 0, 1193, 1536, NULL, 1959, NULL, 2281, NULL, NULL, NULL, NULL, NULL, NULL, NULL, 310, 329, NULL, 65, 71, NULL, 35, 42, NULL, 39, 54, NULL, 1500, 2400, 3900, 5900, 8500, 12000, 16500, 23000, 32500, 45500, NULL, NULL, NULL, 10000, 20000, 60000, NULL, NULL, NULL, NULL, NULL, NULL, NULL, NULL, NULL, NULL, NULL, NULL, NULL, NULL, NULL, NULL),
	(25, 9, 'M4 GTS', 'C', 0, 1, 0, 6, 2, '', '', 10, 10, 16, 16, 4, 4, 4, 4, '40', '40', 20, 20, 50, 50, 0, 0, 0, 0, 0, 0, 1309, 1667, NULL, 2112, NULL, 2447, NULL, NULL, NULL, NULL, NULL, NULL, NULL, 305, 326, NULL, 65, 73, NULL, 43, 51, NULL, 38, 52, NULL, 1500, 2400, 3900, 5900, 8500, 12000, 16500, 23000, 32500, 45500, NULL, NULL, NULL, 10000, 20000, 60000, NULL, NULL, NULL, NULL, NULL, NULL, NULL, NULL, NULL, NULL, NULL, NULL, NULL, NULL, NULL, NULL),
	(26, 37, 'Beast X', 'C', 0, 1, 0, 7, 2, '', '', 11, 11, 24, 24, 12, 12, 4, 4, '35', '35', 15, 15, 21, 21, 32, 32, 0, 0, 0, 0, 1426, 1684, NULL, 2020, NULL, 2353, NULL, 2635, NULL, NULL, NULL, NULL, NULL, 282, 299, NULL, 73, 84, NULL, 48, 69, NULL, 46, 63, NULL, 2530, 4100, 6600, 9900, 14300, 20000, 28000, 39000, 55000, 77000, 108000, NULL, NULL, 15000, 30000, 90000, NULL, NULL, NULL, NULL, NULL, NULL, NULL, NULL, NULL, NULL, NULL, NULL, NULL, NULL, NULL, NULL),
	(27, 14, 'Viper ACR', 'C', 0, 1, 0, 8, 2, '', '', 11, 11, 24, 24, 12, 12, 4, 4, '35', '35', 15, 15, 21, 21, 32, 32, 0, 0, 0, 0, 1553, 1822, NULL, 2179, NULL, 2526, NULL, 2816, NULL, NULL, NULL, NULL, NULL, 285, 303, NULL, 68, 77, NULL, 55, 86, NULL, 50, 68, NULL, 2530, 4100, 6600, 9900, 14300, 20000, 28000, 39000, 55000, 77000, 108000, NULL, NULL, 15000, 30000, 90000, NULL, NULL, NULL, NULL, NULL, NULL, NULL, NULL, NULL, NULL, NULL, NULL, NULL, NULL, NULL, NULL),
	(28, 18, 'Shelby GR-1', 'C', 0, 1, 9, 9, 2, '', '', 11, 11, 24, 24, 12, 12, 4, 4, '50', '50', 29, 29, 38, 38, 48, 48, 0, 0, 0, 0, 1618, 1892, NULL, 2255, NULL, 2613, NULL, 2909, NULL, NULL, NULL, NULL, NULL, 305, 321, NULL, 64, 75, NULL, 51, 69, NULL, 45, 66, NULL, 5060, 8300, 13200, 19800, 28600, 40000, 56000, 78500, 110000, 154000, 215000, NULL, NULL, 30000, 60000, 180000, NULL, NULL, NULL, NULL, NULL, NULL, NULL, NULL, NULL, NULL, NULL, NULL, NULL, NULL, NULL, NULL),
	(29, 35, 'H2 Speed', 'C', 0, 1, 0, 10, 2, '', '', 11, 11, 24, 24, 12, 12, 4, 4, '35', '35', 15, 15, 21, 21, 32, 32, 0, 0, 0, 0, 1685, 1969, NULL, 2332, NULL, 2695, NULL, 3003, NULL, NULL, NULL, NULL, NULL, 300, 317, NULL, 69, 78, NULL, 64, 86, NULL, 41, 60, NULL, 2530, 4100, 6600, 9900, 14300, 20000, 28000, 39000, 55000, 77000, 108000, NULL, NULL, 15000, 30000, 90000, NULL, NULL, NULL, NULL, NULL, NULL, NULL, NULL, NULL, NULL, NULL, NULL, NULL, NULL, NULL, NULL),
	(30, 5, 'Scalo Superelletra', 'C', 0, 0, 7, 11, 2, '', '', 11, 11, 24, 23, 12, 11, 4, 0, '50', '50', 29, 29, 38, 38, 48, 48, 0, 0, 0, 0, 1739, 2028, NULL, 2405, NULL, 2777, NULL, 3088, NULL, NULL, NULL, NULL, NULL, 300, 316, NULL, 75, 85, NULL, 39, 57, NULL, 54, 71, NULL, 5060, 8300, 13200, 19800, 28600, 40000, 56000, 78500, 110000, 154000, 215000, NULL, NULL, 30000, 60000, 180000, NULL, NULL, NULL, NULL, NULL, NULL, NULL, NULL, NULL, NULL, NULL, NULL, NULL, NULL, NULL, NULL),
	(31, 1, '2017 NSX', 'C', 0, 1, 0, 12, 2, '', '', 11, 11, 24, 24, 12, 12, 4, 4, '35', '35', 15, 15, 21, 21, 32, 32, 0, 0, 0, 0, 1824, 2117, NULL, 2501, NULL, 2884, NULL, 3199, NULL, NULL, NULL, NULL, NULL, 306, 323, NULL, 75, 84, NULL, 48, 63, NULL, 36, 54, NULL, 2530, 4100, 6600, 9900, 14300, 20000, 28000, 39000, 55000, 77000, 108000, NULL, NULL, 15000, 30000, 90000, NULL, NULL, NULL, NULL, NULL, NULL, NULL, NULL, NULL, NULL, NULL, NULL, NULL, NULL, NULL, NULL),
	(32, 28, 'Alfieri', 'C', 0, 1, 2, 13, 2, '', '', 11, 11, 24, 24, 12, 12, 4, 4, '35', '35', 15, 15, 21, 21, 32, 32, 0, 0, 0, 0, 1218, 1638, NULL, 2198, NULL, 2752, NULL, 3206, NULL, NULL, NULL, NULL, NULL, 305, 335, NULL, 60, 74, NULL, 29, 41, NULL, 51, 72, NULL, 5060, 8300, 13200, 19800, 28600, 40000, 56000, 78500, 110000, 154000, 215000, NULL, NULL, 30000, 60000, 180000, NULL, NULL, NULL, NULL, NULL, NULL, NULL, NULL, NULL, NULL, NULL, NULL, NULL, NULL, NULL, NULL),
	(33, 46, 'Sarthe', 'C', 0, 1, 3, 14, 2, '', '', 12, 12, 36, 36, 16, 16, 8, 8, '35', '35', 15, 15, 21, 21, 28, 28, 35, 35, 0, 0, 1970, 2154, NULL, 2420, NULL, 2653, NULL, 2941, NULL, 3425, NULL, NULL, NULL, 340, 350, NULL, 67, 74, NULL, 48, 62, NULL, 29, 46, NULL, 7130, 11600, 18600, 27900, 40300, 56500, 79000, 110500, 155000, 216500, 303000, 425000, NULL, 40000, 80000, 240000, NULL, NULL, NULL, NULL, NULL, NULL, NULL, NULL, NULL, NULL, NULL, NULL, NULL, NULL, NULL, NULL),
	(34, 36, '718 Cayman GT4 Clubsport', 'C', 0, 0, 11, 15, 2, '', 'GP', 12, 10, 36, 24, 16, 2, 8, 0, '0', '0', 25, 25, 32, 32, 36, 36, 40, 3, 0, 0, 1889, 2125, NULL, 2461, NULL, 2757, NULL, 3113, NULL, 3727, NULL, NULL, NULL, 304, 323, NULL, 60, 73, NULL, 58, 87, NULL, 44, 70, NULL, 7130, 11600, 18600, 27900, 40300, 56500, 79000, 110500, 155000, 216500, 303000, 425000, NULL, 40000, 80000, 240000, NULL, NULL, NULL, NULL, NULL, NULL, NULL, NULL, NULL, NULL, NULL, NULL, NULL, NULL, NULL, NULL),
	(35, 13, 'Corvette Stingray', 'C', 1, 0, 13, 16, 2, '', 'Pass', 12, 0, 36, 0, 16, 0, 8, 0, '35', '8', 15, 0, 21, 0, 28, 0, 35, 0, 0, 0, NULL, NULL, NULL, NULL, NULL, NULL, NULL, NULL, NULL, NULL, NULL, NULL, NULL, 312, 327, NULL, 73, 81, NULL, 45, 60, NULL, 48, 64, NULL, 7130, 11600, 18600, 27900, 40300, 56500, 79000, 110500, 155000, 216500, 303000, 425000, NULL, 40000, 80000, 240000, NULL, NULL, NULL, NULL, NULL, NULL, NULL, NULL, NULL, NULL, NULL, NULL, NULL, NULL, NULL, NULL),
	(36, 4, 'Hussarya 33', 'C', 0, 1, 7, 17, 2, '', '', 12, 12, 36, 36, 16, 16, 8, 8, '35', '35', 15, 15, 21, 21, 28, 28, 35, 35, 0, 0, 2229, 2440, NULL, 2744, NULL, 3010, NULL, 3343, NULL, 3897, NULL, NULL, NULL, 340, 352, NULL, 71, 78, NULL, 44, 59, NULL, 25, 47, NULL, 7130, 11600, 18600, 27900, 40300, 56500, 79000, 110500, 155000, 216500, 303000, 425000, NULL, 40000, 80000, 240000, NULL, NULL, NULL, NULL, NULL, NULL, NULL, NULL, NULL, NULL, NULL, NULL, NULL, NULL, NULL, NULL),
	(37, 26, 'Gallardo LP560-4', 'C', 1, 0, 12, 18, 2, '', 'Pass', 12, 0, 36, 0, 16, 0, 8, 0, '35', '13', 15, 0, 21, 0, 28, 0, 35, 0, 0, 0, 2301, 2521, NULL, 2830, NULL, 3102, NULL, 3438, NULL, 3997, NULL, NULL, NULL, 325, 340, NULL, 67, 76, NULL, 50, 75, NULL, 38, 59, NULL, 7130, 11600, 18600, 27900, 40300, 56500, 79000, 110500, 155000, 216500, 303000, 425000, NULL, 40000, 80000, 240000, NULL, NULL, NULL, NULL, NULL, NULL, NULL, NULL, NULL, NULL, NULL, NULL, NULL, NULL, NULL, NULL),
	(38, 8, 'Mulliner Bacalar', 'C', 1, 0, 14, 19, 2, '', 'Pass', 12, 0, 36, 0, 16, 0, 8, 0, '35', '12', 15, 0, 21, 0, 28, 0, 35, 0, 0, 0, NULL, NULL, NULL, NULL, NULL, NULL, NULL, NULL, NULL, NULL, NULL, NULL, NULL, 322, 340, NULL, 47, 77, NULL, 46, 67, NULL, 36, 55, NULL, 7130, 11600, 18600, 27900, 40300, 56500, 79000, 110500, 155000, 216500, 303000, 425000, NULL, 40000, 80000, 240000, NULL, NULL, NULL, NULL, NULL, NULL, NULL, NULL, NULL, NULL, NULL, NULL, NULL, NULL, NULL, NULL),
	(39, 17, 'F40', 'C', 1, 0, 15, 0, 2, '', '', 12, 0, 36, 0, 16, 0, 8, 0, '35', '0', 15, 0, 21, 0, 28, 0, 35, 0, 0, 0, NULL, NULL, NULL, NULL, NULL, NULL, NULL, NULL, NULL, NULL, NULL, NULL, NULL, 324, 340, NULL, 63, 72, NULL, 53, 69, NULL, 40, 63, NULL, 7130, 11600, 18600, 27900, 40300, 56500, 79000, 110500, 155000, 216500, 303000, 425000, NULL, 40000, 80000, 240000, NULL, NULL, NULL, NULL, NULL, NULL, NULL, NULL, NULL, NULL, NULL, NULL, NULL, NULL, NULL, NULL),
	(40, 17, '599XX EVO', 'C', 1, 0, 15, 0, 2, '', 'GP', 12, 0, 36, 0, 16, 0, 8, 0, '0', '0', 25, 0, 32, 0, 36, 0, 40, 0, 0, 0, NULL, NULL, NULL, NULL, NULL, NULL, NULL, NULL, NULL, NULL, NULL, NULL, NULL, 305, 322, NULL, 71, 80, NULL, 58, 83, NULL, 49, 70, NULL, 7130, 11600, 18600, 27900, 40300, 56500, 79000, 110500, 155000, 216500, 303000, 425000, NULL, 40000, 80000, 240000, NULL, NULL, NULL, NULL, NULL, NULL, NULL, NULL, NULL, NULL, NULL, NULL, NULL, NULL, NULL, NULL),
	(41, 36, '911 GTS Coupe', 'B', 0, 0, 0, 1, 3, '', '', 10, 10, 24, 24, 4, 4, 4, 0, '40', '40', 30, 30, 70, 70, 0, 0, 0, 0, 0, 0, 1243, 1560, NULL, 1898, NULL, 2186, NULL, NULL, NULL, NULL, NULL, NULL, NULL, NULL, NULL, NULL, NULL, NULL, NULL, NULL, NULL, NULL, NULL, NULL, NULL, 1840, 3000, 4800, 7200, 10400, 14500, 20500, 28500, 40000, 56000, NULL, NULL, NULL, 15000, 30000, 90000, NULL, NULL, NULL, NULL, NULL, NULL, NULL, NULL, NULL, NULL, NULL, NULL, NULL, NULL, NULL, NULL),
	(42, 6, 'DB11', 'B', 0, 0, 0, 2, 3, '', '', 10, 10, 24, 24, 4, 4, 4, 0, '40', '40', 30, 30, 70, 70, 0, 0, 0, 0, 0, 0, 1302, 1671, NULL, 2029, NULL, 2330, NULL, NULL, NULL, NULL, NULL, NULL, NULL, NULL, NULL, NULL, NULL, NULL, NULL, NULL, NULL, NULL, NULL, NULL, NULL, 1840, 3000, 4800, 7200, 10400, 14500, 20500, 28500, 40000, 56000, NULL, NULL, NULL, 15000, 30000, 90000, NULL, NULL, NULL, NULL, NULL, NULL, NULL, NULL, NULL, NULL, NULL, NULL, NULL, NULL, NULL, NULL),
	(43, 24, 'F-Type SVR', 'B', 0, 0, 0, 3, 3, '', '', 10, 10, 24, 24, 4, 4, 4, 0, '40', '40', 30, 30, 24, 24, 36, 36, 0, 0, 0, 0, 1454, 1645, NULL, 1943, NULL, 2237, NULL, 2500, NULL, NULL, NULL, NULL, NULL, 322, 341, NULL, 66, 75, NULL, 43, 49, NULL, 34, 50, NULL, 1840, 3000, 4800, 7200, 10400, 14500, 20500, 28500, 40000, 56000, NULL, NULL, NULL, 15000, 30000, 90000, NULL, NULL, NULL, NULL, NULL, NULL, NULL, NULL, NULL, NULL, NULL, NULL, NULL, NULL, NULL, NULL),
	(44, 16, 'W70', 'B', 0, 0, 0, 4, 3, '', '', 11, 11, 24, 24, 16, 16, 8, 0, '40', '40', 30, 30, 70, 70, 0, 0, 0, 0, 0, 0, 1567, 1920, NULL, 2308, NULL, 2633, NULL, NULL, NULL, NULL, NULL, NULL, NULL, NULL, NULL, NULL, NULL, NULL, NULL, NULL, NULL, NULL, NULL, NULL, NULL, 2880, 4700, 7500, 11300, 16300, 23000, 32000, 44500, 62500, 87500, 122000, NULL, NULL, 20000, 40000, 120000, NULL, NULL, NULL, NULL, NULL, NULL, NULL, NULL, NULL, NULL, NULL, NULL, NULL, NULL, NULL, NULL),
	(45, 36, '911 GT1 Evolution', 'B', 0, 0, 11, 5, 3, '', '', 11, 11, 24, 1, 16, 0, 8, 0, '55', '55', 35, 35, 44, 44, 54, 54, 0, 0, 0, 0, 1625, 1835, NULL, 2149, NULL, 2460, NULL, 2735, NULL, NULL, NULL, NULL, NULL, 310, 329, NULL, 66, 75, NULL, 45, 53, NULL, 55, 68, NULL, 5750, 9400, 15000, 22500, 32500, 45500, 63500, 89000, 125000, 175000, 245000, NULL, NULL, 40000, 80000, 240000, NULL, NULL, NULL, NULL, NULL, NULL, NULL, NULL, NULL, NULL, NULL, NULL, NULL, NULL, NULL, NULL),
	(46, 18, 'GT', 'B', 0, 1, 0, 6, 3, '', '', 11, 11, 24, 24, 16, 16, 8, 8, '35', '35', 18, 18, 24, 24, 36, 36, 0, 0, 0, 0, 1685, 1895, NULL, 2216, NULL, 2535, NULL, 2816, NULL, NULL, NULL, NULL, NULL, 348, 362, NULL, 70, 79, NULL, 29, 34, NULL, 38, 54, NULL, 2880, 4700, 7500, 11300, 16300, 23000, 32000, 44500, 62500, 87500, 122000, NULL, NULL, 20000, 40000, 120000, NULL, NULL, NULL, NULL, NULL, NULL, NULL, NULL, NULL, NULL, NULL, NULL, NULL, NULL, NULL, NULL),
	(47, 26, 'Asterion', 'B', 0, 0, 0, 7, 3, '', '', 11, 11, 24, 24, 16, 16, 8, 3, '40', '40', 18, 18, 24, 24, 36, 36, 0, 0, 0, 0, 1809, 2023, NULL, 2363, NULL, 2695, NULL, 2983, NULL, NULL, NULL, NULL, NULL, 320, 336, NULL, 73, 81, NULL, 37, 45, NULL, 58, 68, NULL, 2880, 4700, 7500, 11300, 16300, 23000, 32000, 44500, 62500, 87500, 122000, NULL, NULL, 20000, 40000, 120000, NULL, NULL, NULL, NULL, NULL, NULL, NULL, NULL, NULL, NULL, NULL, NULL, NULL, NULL, NULL, NULL),
	(48, 12, 'Cien Concept', 'B', 0, 1, 0, 8, 3, '', '', 11, 11, 24, 24, 16, 16, 8, 8, '40', '40', 18, 18, 24, 24, 36, 36, 0, 0, 0, 0, 1937, 2163, NULL, 2504, NULL, 2856, NULL, 3155, NULL, NULL, NULL, NULL, NULL, 350, 368, NULL, 68, 76, NULL, 30, 36, NULL, 50, 61, NULL, 2880, 4700, 7500, 11300, 16300, 23000, 32000, 44500, 62500, 87500, 122000, NULL, NULL, 20000, 40000, 120000, NULL, NULL, NULL, NULL, NULL, NULL, NULL, NULL, NULL, NULL, NULL, NULL, NULL, NULL, NULL, NULL),
	(49, 18, 'GT MK II', 'B', 0, 0, 13, 9, 3, '', 'GP', 12, 4, 32, 8, 20, 0, 8, 0, '0', '0', 35, 26, 55, 0, 0, 0, 0, 0, 0, 0, NULL, NULL, NULL, NULL, NULL, NULL, NULL, NULL, NULL, NULL, NULL, NULL, NULL, 300, 315, NULL, 76, 86, NULL, 57, 79, NULL, 49, 67, NULL, 5750, 9400, 15000, 22500, 32500, 45500, 63500, 89000, 125000, 175000, 245000, NULL, NULL, 40000, 80000, 240000, NULL, NULL, NULL, NULL, NULL, NULL, NULL, NULL, NULL, NULL, NULL, NULL, NULL, NULL, NULL, NULL),
	(50, 23, 'Zerouno', 'B', 0, 0, 9, 10, 3, '', 'Syndicate', 11, 11, 24, 24, 16, 14, 8, 0, '40', '40', 35, 35, 44, 44, 54, 54, 0, 0, 0, 0, 2004, 2234, NULL, 2588, NULL, 2937, NULL, 3245, NULL, NULL, NULL, NULL, NULL, 330, 341, NULL, 71, 79, NULL, 47, 58, NULL, 38, 54, NULL, 5750, 9400, 15000, 22500, 32500, 45500, 63500, 89000, 125000, 175000, 245000, NULL, NULL, 40000, 80000, 240000, NULL, NULL, NULL, NULL, NULL, NULL, NULL, NULL, NULL, NULL, NULL, NULL, NULL, NULL, NULL, NULL),
	(51, 6, 'Vantage GT12', 'B', 0, 0, 7, 11, 3, '', '', 12, 10, 32, 30, 20, 16, 8, 0, '45', '45', 17, 17, 23, 23, 32, 32, 45, 40, 0, 0, 2526, 2724, NULL, 3001, NULL, 3246, NULL, 3603, NULL, 3946, NULL, NULL, NULL, 322, 337, NULL, 68, 78, NULL, 64, 86, NULL, 61, 80, NULL, 7820, 12800, 20400, 30600, 44200, 62000, 86500, 121500, 170000, 237500, 333000, 466000, NULL, 50000, 100000, 300000, NULL, NULL, NULL, NULL, NULL, NULL, NULL, NULL, NULL, NULL, NULL, NULL, NULL, NULL, NULL, NULL),
	(52, 17, '488 GTB', 'B', 0, 1, 0, 12, 3, '', '', 11, 11, 24, 24, 16, 16, 8, 8, '40', '40', 18, 18, 24, 24, 36, 36, 0, 0, 0, 0, 2071, 2303, NULL, 2664, NULL, 3011, NULL, 3334, NULL, NULL, NULL, NULL, NULL, 330, 347, NULL, 73, 80, NULL, 41, 48, NULL, 56, 65, NULL, 2880, 4700, 7500, 11300, 16300, 23000, 32000, 44500, 62500, 87500, 122000, NULL, NULL, 20000, 40000, 120000, NULL, NULL, NULL, NULL, NULL, NULL, NULL, NULL, NULL, NULL, NULL, NULL, NULL, NULL, NULL, NULL),
	(53, 39, '003S', 'B', 0, 1, 0, 13, 3, '', '', 11, 11, 32, 24, 20, 16, 8, 8, '40', '40', 18, 18, 24, 24, 36, 36, 0, 0, 0, 0, 2211, 2451, NULL, 2824, NULL, 3193, NULL, 3519, NULL, NULL, NULL, NULL, NULL, 350, 368, NULL, 73, 79, NULL, 33, 38, NULL, 50, 63, NULL, 2880, 4700, 7500, 11300, 16300, 23000, 32000, 44500, 62500, 87500, 122000, NULL, NULL, 20000, 40000, 120000, NULL, NULL, NULL, NULL, NULL, NULL, NULL, NULL, NULL, NULL, NULL, NULL, NULL, NULL, NULL, NULL),
	(54, 17, 'F12TDF', 'B', 0, 1, 0, 14, 3, '', '', 12, 12, 32, 32, 20, 20, 8, 8, '30', '30', 9, 9, 13, 13, 21, 21, 32, 32, 0, 0, 2356, 2543, NULL, 2810, NULL, 3050, NULL, 3397, NULL, 3724, NULL, NULL, NULL, 340, 360, NULL, 73, 78, NULL, 31, 40, NULL, 69, 80, NULL, 3910, 6400, 10200, 15300, 22100, 31000, 43500, 60500, 85000, 119000, 166000, 233000, NULL, 25000, 50000, 150000, NULL, NULL, NULL, NULL, NULL, NULL, NULL, NULL, NULL, NULL, NULL, NULL, NULL, NULL, NULL, NULL),
	(55, 13, 'Corvette Grand Sport', 'B', 0, 1, 0, 15, 3, '', '', 12, 12, 32, 32, 20, 20, 8, 8, '30', '30', 9, 9, 13, 13, 21, 21, 32, 32, 0, 0, 2506, 2702, NULL, 2977, NULL, 3227, NULL, 3581, NULL, 3921, NULL, NULL, NULL, 314, 331, NULL, 67, 76, NULL, 70, 92, NULL, 66, 80, NULL, 3910, 6400, 10200, 15300, 22100, 31000, 43500, 60500, 85000, 119000, 166000, 233000, NULL, 25000, 50000, 150000, NULL, NULL, NULL, NULL, NULL, NULL, NULL, NULL, NULL, NULL, NULL, NULL, NULL, NULL, NULL, NULL),
	(56, 2, 'AP-0', 'B', 0, 0, 14, 16, 3, '', 'EV', 12, 8, 32, 0, 20, 0, 8, 0, '45', '45', 17, 17, 23, 23, 32, 2, 45, 0, 0, 0, NULL, NULL, NULL, NULL, NULL, NULL, NULL, NULL, NULL, NULL, NULL, NULL, NULL, 320, 335, NULL, 71, 80, NULL, 60, 89, NULL, 57, 75, NULL, 7820, 12800, 20400, 30600, 44200, 62000, 86500, 121500, 170000, 237500, 333000, 466000, NULL, 50000, 100000, 300000, NULL, NULL, NULL, NULL, NULL, NULL, NULL, NULL, NULL, NULL, NULL, NULL, NULL, NULL, NULL, NULL),
	(57, 40, 'R1 550', 'B', 0, 0, 2, 17, 3, '', '', 12, 12, 32, 32, 20, 20, 8, 0, '30', '30', 9, 9, 13, 13, 21, 21, 32, 32, 0, 0, 2545, 2743, NULL, 3025, NULL, 3272, NULL, 3628, NULL, 3971, NULL, NULL, NULL, 350, 370, NULL, 68, 77, NULL, 36, 45, NULL, 63, 85, NULL, 7820, 12800, 20400, 30600, 44200, 62000, 86500, 121500, 170000, 237500, 333000, 466000, NULL, 50000, 100000, 300000, NULL, NULL, NULL, NULL, NULL, NULL, NULL, NULL, NULL, NULL, NULL, NULL, NULL, NULL, NULL, NULL),
	(58, 3, 'N', 'B', 0, 1, 3, 18, 3, '', '', 12, 12, 32, 32, 20, 20, 8, 8, '30', '30', 9, 9, 13, 13, 21, 21, 32, 32, 0, 0, 2603, 2798, NULL, 3078, NULL, 3328, NULL, 3690, NULL, 4047, NULL, NULL, NULL, 360, 374, NULL, 73, 80, NULL, 42, 58, NULL, 47, 60, NULL, 7820, 12800, 20400, 30600, 44200, 62000, 86500, 121500, 170000, 237500, 333000, 466000, NULL, 50000, 100000, 300000, NULL, NULL, NULL, NULL, NULL, NULL, NULL, NULL, NULL, NULL, NULL, NULL, NULL, NULL, NULL, NULL),
	(59, 31, 'SLR McLaren', 'B', 0, 0, 5, 19, 3, '', '', 12, 12, 32, 32, 20, 20, 8, 0, '45', '45', 17, 17, 23, 23, 32, 32, 45, 45, 0, 0, 2097, 2364, NULL, 2747, NULL, 3089, NULL, 3585, NULL, 4058, NULL, NULL, NULL, 334, 353, NULL, 67, 78, NULL, 43, 66, NULL, 54, 79, NULL, 7820, 12800, 20400, 30600, 44200, 62000, 86500, 121500, 170000, 237500, 333000, 466000, NULL, 50000, 100000, 300000, NULL, NULL, NULL, NULL, NULL, NULL, NULL, NULL, NULL, NULL, NULL, NULL, NULL, NULL, NULL, NULL),
	(60, 6, 'DBS Superleggera', 'B', 0, 0, 8, 20, 3, '', '', 12, 12, 32, 30, 20, 16, 8, 0, '45', '45', 17, 17, 23, 23, 32, 32, 45, 45, 0, 0, 2412, 2638, NULL, 2963, NULL, 3251, NULL, 3666, NULL, 4059, NULL, NULL, NULL, 339, 355, NULL, 69, 79, NULL, 48, 70, NULL, 51, 73, NULL, 7820, 12800, 20400, 30600, 44200, 62000, 86500, 121500, 170000, 237500, 333000, 466000, NULL, 50000, 100000, 300000, NULL, NULL, NULL, NULL, NULL, NULL, NULL, NULL, NULL, NULL, NULL, NULL, NULL, NULL, NULL, NULL),
	(61, 26, 'Huracan Evo Spyder', 'B', 0, 1, 4, 21, 3, '', '', 12, 12, 32, 32, 20, 20, 8, 8, '45', '45', 17, 17, 23, 23, 32, 32, 45, 45, 0, 0, 2004, 2291, NULL, 2706, NULL, 3075, NULL, 3604, NULL, 4109, NULL, NULL, NULL, 325, 344, NULL, 72, 84, NULL, 46, 75, NULL, 51, 82, NULL, 7820, 12800, 20400, 30600, 44200, 62000, 86500, 121500, 170000, 237500, 333000, 466000, NULL, 50000, 100000, 300000, NULL, NULL, NULL, NULL, NULL, NULL, NULL, NULL, NULL, NULL, NULL, NULL, NULL, NULL, NULL, NULL),
	(62, 36, 'Carrera GT', 'B', 0, 0, 11, 22, 3, '', '', 12, 6, 32, 10, 20, 0, 8, 0, '45', '45', 17, 17, 23, 8, 32, 0, 45, 0, 0, 0, 2506, 2728, NULL, 3045, NULL, 3327, NULL, 3735, NULL, 4126, NULL, NULL, NULL, 330, 347, NULL, 68, 78, NULL, 61, 84, NULL, 60, 82, NULL, 7820, 12800, 20400, 30600, 44200, 62000, 86500, 121500, 170000, 237500, 333000, 466000, NULL, 50000, 100000, 300000, NULL, NULL, NULL, NULL, NULL, NULL, NULL, NULL, NULL, NULL, NULL, NULL, NULL, NULL, NULL, NULL),
	(63, 36, '911 GT3 RS', 'B', 0, 0, 7, 23, 3, '', '', 12, 6, 32, 12, 20, 0, 8, 0, '55', '55', 18, 18, 24, 5, 32, 0, 47, 0, 50, 0, 1809, 2109, NULL, 2458, NULL, 2806, NULL, 3285, NULL, 3824, NULL, 4211, NULL, 312, 339, NULL, 71, 85, NULL, 52, 92, NULL, 52, 86, NULL, 9890, 16100, 25800, 38700, 55900, 78500, 109500, 153500, 214500, 300500, 589000, 0, NULL, 70000, 140000, 420000, NULL, NULL, NULL, NULL, NULL, NULL, NULL, NULL, NULL, NULL, NULL, NULL, NULL, NULL, NULL, NULL),
	(64, 27, 'Evija', 'B', 1, 0, 10, 24, 3, '', 'SE', 12, 0, 32, 0, 20, 0, 8, 0, '55', '50', 18, 0, 24, 0, 32, 0, 47, 0, 50, 0, 2229, 2484, NULL, 2778, NULL, 3075, NULL, 3482, NULL, 3944, NULL, 4276, NULL, 350, 368, NULL, 73, 81, NULL, 45, 65, NULL, 42, 63, NULL, 9890, 16100, 25800, 38700, 55900, 78500, 109500, 153500, 214500, 300500, 589000, 0, NULL, 70000, 140000, 420000, NULL, NULL, NULL, NULL, NULL, NULL, NULL, NULL, NULL, NULL, NULL, NULL, NULL, NULL, NULL, NULL),
	(65, 30, 'F1 LM', 'B', 0, 0, 12, 25, 3, '', 'GP', 12, 6, 32, 26, 20, 12, 8, 0, '0', '0', 26, 26, 34, 34, 46, 46, 67, 10, 78, 0, 2319, 2563, NULL, NULL, NULL, NULL, NULL, NULL, NULL, NULL, NULL, NULL, NULL, 362, 377, NULL, 64, 74, NULL, 50, 66, NULL, 51, 73, NULL, 9890, 16100, 25800, 38700, 55900, 78500, 109500, 153500, 214500, 300500, 589000, 0, 0, 70000, 140000, 420000, NULL, NULL, NULL, NULL, NULL, NULL, NULL, NULL, NULL, NULL, NULL, NULL, NULL, NULL, NULL, NULL),
	(66, 17, 'Enzo Ferrari', 'B', 1, 0, 15, 0, 3, '', 'Pass', 12, 0, 32, 0, 20, 0, 8, 0, '45', '0', 0, 0, 0, 0, 0, 0, 0, 0, 0, 0, NULL, NULL, NULL, NULL, NULL, NULL, NULL, NULL, NULL, NULL, NULL, NULL, NULL, 350, 364, NULL, 67, 75, NULL, 49, 64, NULL, 60, 72, NULL, 99999999, 99999999, 99999999, 99999999, 99999999, 99999999, 99999999, 99999999, 99999999, 99999999, 99999999, 99999999, 99999999, 99999999, 99999999, 99999999, NULL, NULL, NULL, NULL, NULL, NULL, NULL, NULL, NULL, NULL, NULL, NULL, NULL, NULL, NULL, NULL),
	(67, 17, '488 GTB Challenge EVO', 'B', 1, 0, 15, 0, 3, '', 'GP', 12, 0, 32, 0, 20, 0, 8, 0, '0', '0', 0, 0, 0, 0, 0, 0, 0, 0, 0, 0, NULL, NULL, NULL, NULL, NULL, NULL, NULL, NULL, NULL, NULL, NULL, NULL, NULL, 330, 351, NULL, 73, 82, NULL, 47, 77, NULL, 50, 76, NULL, 99999999, 99999999, 99999999, 99999999, 99999999, 99999999, 99999999, 99999999, 99999999, 99999999, 99999999, 99999999, 99999999, 99999999, 99999999, 99999999, NULL, NULL, NULL, NULL, NULL, NULL, NULL, NULL, NULL, NULL, NULL, NULL, NULL, NULL, NULL, NULL),
	(68, 6, 'Vulcan', 'A', 0, 0, 0, 1, 4, '', '', 11, 11, 20, 20, 20, 20, 8, 4, '12', '12', 21, 21, 28, 28, 42, 42, 0, 0, 0, 0, 1970, 2202, NULL, 2452, NULL, 2736, NULL, 3012, NULL, NULL, NULL, NULL, NULL, 328, 343, NULL, 73, 78, NULL, 36, 47, NULL, 50, 64, NULL, 3220, 5300, 8400, 12600, 18200, 25500, 35500, 50000, 70000, 98000, 137000, NULL, NULL, 25000, 50000, 150000, NULL, NULL, NULL, NULL, NULL, NULL, NULL, NULL, NULL, NULL, NULL, NULL, NULL, NULL, NULL, NULL),
	(69, 33, 'GT-R Nismo', 'A', 0, 0, 0, 2, 4, '', '', 11, 11, 20, 20, 20, 20, 8, 4, '45', '45', 21, 21, 28, 28, 42, 42, 0, 0, 0, 0, 2083, 2328, NULL, 2580, NULL, 2868, NULL, 3157, NULL, NULL, NULL, NULL, NULL, 315, 329, NULL, 77, 84, NULL, 48, 60, NULL, 43, 60, NULL, 3220, 5300, 8400, 12600, 18200, 25500, 35500, 50000, 70000, 98000, 137000, NULL, NULL, 25000, 50000, 150000, NULL, NULL, NULL, NULL, NULL, NULL, NULL, NULL, NULL, NULL, NULL, NULL, NULL, NULL, NULL, NULL),
	(70, 17, 'J50', 'A', 0, 0, 1, 3, 4, '', '', 11, 11, 20, 20, 20, 20, 8, 2, '45', '45', 21, 21, 28, 28, 42, 42, 0, 0, 0, 0, 2141, 2391, NULL, 2648, NULL, 2945, NULL, 3230, NULL, NULL, NULL, NULL, NULL, 333, 350, NULL, 73, 80, NULL, 42, 48, NULL, 48, 64, NULL, 3220, 5300, 8400, 12600, 18200, 25500, 35500, 50000, 70000, 98000, 137000, NULL, NULL, 25000, 50000, 150000, NULL, NULL, NULL, NULL, NULL, NULL, NULL, NULL, NULL, NULL, NULL, NULL, NULL, NULL, NULL, NULL),
	(71, 14, 'Viper GTS', 'A', 0, 1, 0, 4, 4, '', '', 11, 11, 20, 20, 20, 20, 8, 8, '45', '45', 21, 21, 28, 28, 42, 42, 0, 0, 0, 0, 2200, 2453, NULL, 2709, NULL, 3008, NULL, 3306, NULL, NULL, NULL, NULL, NULL, 340, 353, NULL, 73, 80, NULL, 40, 45, NULL, 56, 67, NULL, 3220, 5300, 8400, 12600, 18200, 25500, 35500, 50000, 70000, 98000, 137000, NULL, NULL, 25000, 50000, 150000, NULL, NULL, NULL, NULL, NULL, NULL, NULL, NULL, NULL, NULL, NULL, NULL, NULL, NULL, NULL, NULL),
	(72, 17, 'LaFerrari', 'A', 0, 0, 0, 5, 4, '', '', 12, 12, 24, 24, 20, 20, 12, 4, '35', '35', 12, 12, 15, 15, 24, 24, 36, 36, 0, 0, 2321, 2445, NULL, 2621, NULL, 2831, NULL, 3117, NULL, 3445, NULL, NULL, NULL, 350, 364, NULL, 73, 80, NULL, 37, 43, NULL, 62, 71, NULL, 4260, 6900, 11100, 16700, 24100, 33500, 47000, 66000, 92500, 129000, 181000, 254000, NULL, 30000, 60000, 180000, NULL, NULL, NULL, NULL, NULL, NULL, NULL, NULL, NULL, NULL, NULL, NULL, NULL, NULL, NULL, NULL),
	(73, 30, 'P1', 'A', 0, 0, 0, 6, 4, '', '', 12, 12, 24, 24, 20, 20, 12, 5, '35', '35', 12, 12, 15, 15, 24, 24, 36, 36, 0, 0, 2446, 2579, NULL, 2759, NULL, 2980, NULL, 3279, NULL, 3602, NULL, NULL, NULL, 350, 364, NULL, 74, 83, NULL, 39, 47, NULL, 53, 62, NULL, 4260, 6900, 11100, 16700, 24100, 33500, 47000, 66000, 92500, 129000, 181000, 254000, NULL, 30000, 60000, 180000, NULL, NULL, NULL, NULL, NULL, NULL, NULL, NULL, NULL, NULL, NULL, NULL, NULL, NULL, NULL, NULL),
	(74, 26, 'Aventador SV Coupe', 'A', 0, 1, 0, 7, 4, '', '', 12, 12, 24, 24, 20, 20, 12, 12, '35', '35', 12, 12, 15, 15, 24, 24, 36, 36, 0, 0, 2574, 2709, NULL, 2893, NULL, 3128, NULL, 3424, NULL, 3763, NULL, NULL, NULL, 350, 367, NULL, 74, 80, NULL, 41, 50, NULL, 59, 70, NULL, 4260, 6900, 11100, 16700, 24100, 33500, 47000, 66000, 92500, 129000, 181000, 254000, NULL, 30000, 60000, 180000, NULL, NULL, NULL, NULL, NULL, NULL, NULL, NULL, NULL, NULL, NULL, NULL, NULL, NULL, NULL, NULL),
	(75, 17, '812 Superfast', 'A', 0, 0, 6, 8, 4, '', 'Syndicate', 12, 8, 24, 6, 20, 0, 12, 0, '50', '50', 23, 23, 27, 27, 36, 2, 50, 0, 0, 0, 2643, 2778, NULL, 2963, NULL, 3189, NULL, 3493, NULL, 3827, NULL, NULL, NULL, 322, 337, NULL, 68, 78, NULL, 64, 86, NULL, 61, 80, NULL, 9550, 15600, 24900, 37400, 54000, 75500, 105000, 148000, 207500, 290000, 406000, 569000, NULL, 60000, 120000, 360000, NULL, NULL, NULL, NULL, NULL, NULL, NULL, NULL, NULL, NULL, NULL, NULL, NULL, NULL, NULL, NULL),
	(76, 13, 'Corvette ZR1', 'A', 0, 0, 9, 9, 4, '', 'Syndicate', 12, 8, 24, 18, 20, 6, 12, 0, '50', '50', 23, 23, 27, 27, 36, 36, 50, 2, 0, 0, 2672, 2811, NULL, 3000, NULL, 3232, NULL, 3540, NULL, 3876, NULL, NULL, NULL, 341, 355, NULL, 74, 82, NULL, 48, 60, NULL, 59, 76, NULL, 9550, 15600, 24900, 37400, 54000, 75500, 105000, 148000, 207500, 290000, 406000, 569000, NULL, 60000, 120000, 360000, NULL, NULL, NULL, NULL, NULL, NULL, NULL, NULL, NULL, NULL, NULL, NULL, NULL, NULL, NULL, NULL),
	(77, 24, 'C-X75', 'A', 1, 0, 14, 10, 4, '', 'EV', 12, 0, 24, 0, 20, 0, 12, 0, '50', '49', 23, 0, 27, 0, 36, 0, 51, 0, 0, 0, 2706, 2846, NULL, 3038, NULL, 3272, NULL, 3587, NULL, 3929, NULL, NULL, NULL, 354, 369, NULL, 66, 75, NULL, 57, 73, NULL, 57, 74, NULL, 9550, 15600, 24900, 37400, 54000, 75500, 105000, 148000, 207500, 290000, 406000, 569000, NULL, 60000, 120000, 360000, NULL, NULL, NULL, NULL, NULL, NULL, NULL, NULL, NULL, NULL, NULL, NULL, NULL, NULL, NULL, NULL),
	(78, 47, 'Force 1 V10', 'A', 0, 1, 0, 11, 4, '', '', 12, 12, 24, 24, 20, 20, 12, 12, '35', '35', 12, 12, 15, 15, 24, 24, 36, 36, 0, 0, 2843, 2989, NULL, 3180, NULL, 3420, NULL, 3746, NULL, 4099, NULL, NULL, NULL, 350, 368, NULL, 73, 80, NULL, 43, 54, NULL, 60, 74, NULL, 4260, 6900, 11100, 16700, 24100, 33500, 47000, 66000, 92500, 129000, 181000, 254000, NULL, 30000, 60000, 180000, NULL, NULL, NULL, NULL, NULL, NULL, NULL, NULL, NULL, NULL, NULL, NULL, NULL, NULL, NULL, NULL),
	(79, 36, '918 Spyder', 'A', 0, 1, 0, 12, 4, '', '', 12, 12, 24, 24, 20, 20, 12, 12, '35', '35', 12, 12, 15, 15, 24, 24, 36, 36, 0, 0, 2229, 2483, NULL, 2776, NULL, 3044, NULL, 3387, NULL, 3743, NULL, 4099, NULL, 345, 362, NULL, 76, 83, NULL, 41, 51, NULL, 66, 79, NULL, 4260, 6900, 11100, 16700, 24100, 33500, 47000, 66000, 92500, 129000, 181000, 254000, NULL, 30000, 60000, 180000, NULL, NULL, NULL, NULL, NULL, NULL, NULL, NULL, NULL, NULL, NULL, NULL, NULL, NULL, NULL, NULL),
	(80, 45, 'Dendrobium', 'A', 0, 0, 8, 13, 4, '', '', 13, 12, 24, 21, 20, 19, 16, 0, '50', '50', 23, 23, 27, 27, 36, 36, 52, 52, 62, 62, 2319, 2560, NULL, 2841, NULL, 3100, NULL, 3437, NULL, 3779, NULL, 4116, NULL, 320, 339, NULL, 76, 86, NULL, 53, 95, NULL, 59, 84, NULL, 16100, 26300, 42000, 63000, 91000, 127500, 178500, 249500, 349500, 489500, 685000, 959000, 1575000, 80000, 160000, 480000, NULL, NULL, NULL, NULL, NULL, NULL, NULL, NULL, NULL, NULL, NULL, NULL, NULL, NULL, NULL, NULL),
	(81, 30, '570S Spider', 'A', 0, 0, 2, 14, 4, '', '', 13, 13, 24, 20, 20, 18, 16, 0, '50', '50', 12, 12, 15, 15, 24, 24, 37, 37, 45, 45, 2804, 2957, NULL, 3166, NULL, 3417, NULL, 3760, NULL, 4133, NULL, NULL, NULL, 356, 377, NULL, 71, 79, NULL, 46, 66, NULL, 47, 64, NULL, 16100, 26300, 42000, 63000, 91000, 127500, 178500, 249500, 349500, 489500, 685000, 959000, 1575000, 80000, 160000, 480000, NULL, NULL, NULL, NULL, NULL, NULL, NULL, NULL, NULL, NULL, NULL, NULL, NULL, NULL, NULL, NULL),
	(82, 26, 'Aventador J', 'A', 0, 1, 5, 15, 4, '', '', 12, 12, 24, 24, 20, 20, 12, 12, '50', '50', 23, 23, 27, 27, 36, 36, 51, 51, 0, 0, 2702, 2914, NULL, 3160, NULL, 3387, NULL, 3680, NULL, 3977, NULL, 4270, NULL, 350, 363, NULL, 73, 79, NULL, 49, 73, NULL, 62, 77, NULL, 9550, 15600, 24900, 37400, 54000, 75500, 105000, 148000, 207500, 290000, 406000, 569000, NULL, 60000, 120000, 360000, NULL, NULL, NULL, NULL, NULL, NULL, NULL, NULL, NULL, NULL, NULL, NULL, NULL, NULL, NULL, NULL),
	(83, 36, '911 GT2 RS Clubsport', 'A', 0, 0, 11, 16, 4, '', 'GP', 13, 12, 24, 20, 20, 8, 16, 0, '0', '0', 28, 28, 32, 32, 44, 44, 59, 59, 86, 14, 2983, 3158, NULL, 3361, NULL, 3549, NULL, 3795, NULL, 4041, NULL, 4274, NULL, 340, 356, NULL, 74, 83, NULL, 55, 85, NULL, 49, 73, NULL, 16100, 26300, 42000, 63000, 91000, 127500, 178500, 249500, 349500, 489500, 685000, 959000, 1575000, 80000, 160000, 480000, NULL, NULL, NULL, NULL, NULL, NULL, NULL, NULL, NULL, NULL, NULL, NULL, NULL, NULL, NULL, NULL),
	(84, 34, 'Huayra BC', 'A', 0, 1, 0, 17, 4, '', '', 13, 13, 24, 24, 20, 20, 16, 16, '50', '50', 12, 12, 15, 15, 24, 24, 37, 37, 45, 45, 2992, 3166, NULL, 3369, NULL, 3556, NULL, 3806, NULL, 4050, NULL, 4284, NULL, 350, 365, NULL, 71, 80, NULL, 46, 63, NULL, 73, 86, NULL, 5290, 5800, 13800, 20700, 29900, 42000, 58500, 82000, 115000, 161000, 225000, 315000, 517000, 40000, 80000, 240000, NULL, NULL, NULL, NULL, NULL, NULL, NULL, NULL, NULL, NULL, NULL, NULL, NULL, NULL, NULL, NULL),
	(85, 26, 'SC18', 'A', 1, 0, 12, 18, 4, '', 'GP', 13, 6, 24, 16, 20, 0, 16, 0, '0', '0', 28, 28, 32, 16, 44, 0, 59, 0, 86, 0, 2998, 3172, NULL, 3377, NULL, 3563, NULL, 3803, NULL, 4047, NULL, 4291, NULL, 350, 362, NULL, 74, 82, NULL, 45, 64, NULL, 64, 82, NULL, 16100, 26300, 42000, 63000, 91000, 127500, 178500, 249500, 349500, 489500, 685000, 959000, 1575000, 80000, 160000, 480000, NULL, NULL, NULL, NULL, NULL, NULL, NULL, NULL, NULL, NULL, NULL, NULL, NULL, NULL, NULL, NULL),
	(86, 17, 'LaFerrari Aperta', 'A', 0, 1, 6, 19, 4, '', '', 13, 13, 24, 24, 20, 20, 16, 16, '50', '50', 23, 23, 27, 27, 36, 36, 52, 52, 62, 62, 3013, 3187, NULL, 3391, NULL, 3578, NULL, 3824, NULL, 4071, NULL, 4310, NULL, 350, 366, NULL, 73, 81, NULL, 60, 82, NULL, 48, 70, NULL, 16100, 16500, 42000, 63000, 91000, 127500, 178500, 249500, 349500, 489500, 685000, 959000, 1575000, 80000, 160000, 480000, NULL, NULL, NULL, NULL, NULL, NULL, NULL, NULL, NULL, NULL, NULL, NULL, NULL, NULL, NULL, NULL),
	(87, 19, 'Akylone', 'A', 1, 0, 2, 20, 4, '', '', 13, 0, 24, 0, 20, 0, 16, 0, '50', '34', 23, 0, 27, 0, 36, 0, 52, 0, 62, 0, 3122, 3298, NULL, 3506, NULL, 3698, NULL, 3950, NULL, 4202, NULL, 4444, NULL, 354, 371, NULL, 75, 82, NULL, 49, 67, NULL, 53, 70, NULL, 16100, 26300, 42000, 63000, 91000, 127500, 178500, 249500, 349500, 489500, 685000, 959000, 1575000, 80000, 160000, 480000, NULL, NULL, NULL, NULL, NULL, NULL, NULL, NULL, NULL, NULL, NULL, NULL, NULL, NULL, NULL, NULL),
	(88, 42, 'AT96 track version', 'A', 0, 0, 9, 21, 4, '', 'GP', 13, 6, 24, 16, 20, 4, 16, 0, '0', '0', 30, 30, 40, 18, 50, 0, 65, 0, 80, 0, 3232, 3401, NULL, 3605, NULL, 3793, NULL, 4032, NULL, 4276, NULL, 4521, NULL, 350, 364, NULL, 77, 85, NULL, 52, 75, NULL, 46, 69, NULL, 16100, 26300, 42000, 63000, 91000, 127500, 178500, 249500, 349500, 489500, 685000, 959000, 1575000, 80000, 160000, 480000, NULL, NULL, NULL, NULL, NULL, NULL, NULL, NULL, NULL, NULL, NULL, NULL, NULL, NULL, NULL, NULL),
	(89, 6, 'Valhalla Concept Car', 'A', 0, 0, 14, 22, 4, '', 'SE', 13, 3, 24, 0, 20, 0, 16, 0, '50', '50', 23, 7, 27, 0, 36, 0, 52, 0, 62, 0, NULL, NULL, NULL, NULL, NULL, NULL, NULL, NULL, NULL, NULL, NULL, NULL, NULL, 354, 376, NULL, 77, 82, NULL, 57, 81, NULL, 43, 59, NULL, 16100, 26300, 42000, 63000, 91000, 127500, 178500, 249500, 349500, 489500, 685000, 959000, 1575000, 80000, 160000, 480000, NULL, NULL, NULL, NULL, NULL, NULL, NULL, NULL, NULL, NULL, NULL, NULL, NULL, NULL, NULL, NULL),
	(90, 17, 'F8 Tributo', 'A', 1, 0, 15, 0, 4, '', '', 13, 0, 24, 0, 20, 0, 16, 0, '50', '0', 0, 0, 0, 0, 0, 0, 0, 0, 0, 0, NULL, NULL, NULL, NULL, NULL, NULL, NULL, NULL, NULL, NULL, NULL, NULL, NULL, 340, 360, NULL, 73, 83, NULL, 66, 94, NULL, 43, 69, NULL, 16100, 26300, 42000, 63000, 91000, 127500, 178500, 249500, 349500, 489500, 685000, 959000, 1575000, 80000, 160000, 480000, NULL, NULL, NULL, NULL, NULL, NULL, NULL, NULL, NULL, NULL, NULL, NULL, NULL, NULL, NULL, NULL),
	(91, 26, 'Centenario', 'S', 0, 0, 0, 1, 5, '', '', 12, 12, 28, 28, 20, 20, 12, 0, '40', '40', 13, 13, 16, 16, 25, 25, 39, 39, 0, 0, 2702, 2847, NULL, 3017, NULL, 3177, NULL, 3436, NULL, 3709, NULL, NULL, NULL, 350, 363, NULL, 74, 80, NULL, 39, 47, NULL, 61, 70, NULL, 4600, 7500, 12000, 18000, 26000, 36500, 51000, 71500, 100000, 140000, 196000, 274000, NULL, 35000, 70000, 210000, NULL, NULL, NULL, NULL, NULL, NULL, NULL, NULL, NULL, NULL, NULL, NULL, NULL, NULL, NULL, NULL),
	(92, 17, 'FXX K', 'S', 0, 0, 0, 2, 5, '', '', 12, 12, 28, 28, 20, 20, 12, 1, '40', '40', 13, 13, 16, 16, 25, 25, 39, 39, 0, 0, 2804, 2949, NULL, 3120, NULL, 3298, NULL, 3563, NULL, 3832, NULL, NULL, NULL, 350, 363, NULL, 76, 83, NULL, 38, 43, NULL, 64, 72, NULL, 4600, 7500, 12000, 18000, 26000, 36500, 51000, 71500, 100000, 140000, 196000, 274000, NULL, 35000, 70000, 210000, NULL, NULL, NULL, NULL, NULL, NULL, NULL, NULL, NULL, NULL, NULL, NULL, NULL, NULL, NULL, NULL),
	(93, 22, 'Vulcano Titanium', 'S', 0, 0, 0, 3, 5, '', '', 12, 12, 28, 28, 20, 20, 12, 2, '40', '40', 13, 13, 16, 16, 25, 25, 39, 39, 0, 0, 2907, 3058, NULL, 3238, NULL, 3412, NULL, 3682, NULL, 3957, NULL, NULL, NULL, 370, 381, NULL, 75, 81, NULL, 35, 43, NULL, 53, 65, NULL, 4600, 7500, 12000, 18000, 26000, 36500, 51000, 71500, 100000, 140000, 196000, 274000, NULL, 35000, 70000, 210000, NULL, NULL, NULL, NULL, NULL, NULL, NULL, NULL, NULL, NULL, NULL, NULL, NULL, NULL, NULL, NULL),
	(94, 49, 'Lykan Hypersport', 'S', 0, 1, 0, 4, 5, '', '', 12, 12, 28, 28, 20, 20, 12, 12, '40', '40', 13, 13, 16, 16, 25, 25, 39, 39, 0, 0, 3013, 3168, NULL, 3346, NULL, 3524, NULL, 3800, NULL, 4083, NULL, NULL, NULL, 395, 407, NULL, 74, 80, NULL, 37, 40, NULL, 39, 58, NULL, 4600, 7500, 12000, 18000, 26000, 36500, 51000, 71500, 100000, 140000, 196000, 274000, NULL, 35000, 70000, 210000, NULL, NULL, NULL, NULL, NULL, NULL, NULL, NULL, NULL, NULL, NULL, NULL, NULL, NULL, NULL, NULL),
	(95, 26, 'Veneno', 'S', 0, 0, 12, 5, 5, '', 'SE', 13, 4, 28, 12, 20, 0, 16, 0, '60', '60', 13, 8, 16, 0, 25, 0, 38, 0, 48, 0, 3067, 3208, NULL, 3374, NULL, 3548, NULL, 3731, NULL, 3941, NULL, 4148, NULL, 355, 370, NULL, 73, 81, NULL, 53, 62, NULL, 61, 78, NULL, 23000, 37500, 60000, 90000, 130000, 182000, 255000, 356500, 499500, 699000, 979000, 1370000, 2250000, 45000, 90000, 270000, NULL, NULL, NULL, NULL, NULL, NULL, NULL, NULL, NULL, NULL, NULL, NULL, NULL, NULL, NULL, NULL),
	(96, 26, 'Egoista', 'S', 0, 1, 0, 6, 5, '', 'SE', 13, 13, 28, 28, 20, 20, 16, 16, '60', '60', 13, 13, 16, 16, 25, 25, 38, 38, 48, 48, 3122, 3267, NULL, 3428, NULL, 3605, NULL, 3789, NULL, 4010, NULL, 4213, NULL, 350, 366, NULL, 78, 84, NULL, 49, 61, NULL, 65, 72, NULL, 5640, 9200, 14700, 22100, 31900, 44500, 62500, 87500, 122500, 171500, 240000, 336000, 551000, 45000, 90000, 270000, NULL, NULL, NULL, NULL, NULL, NULL, NULL, NULL, NULL, NULL, NULL, NULL, NULL, NULL, NULL, NULL),
	(97, 43, 'Nemesis', 'S', 0, 1, 0, 7, 5, '', '', 13, 13, 28, 28, 20, 20, 16, 16, '60', '60', 13, 13, 16, 16, 25, 25, 38, 38, 48, 48, 3232, 3380, NULL, 3547, NULL, 3729, NULL, 3917, NULL, 4143, NULL, 4344, NULL, 434, 450, NULL, 73, 79, NULL, 39, 48, NULL, 35, 44, NULL, 5640, 9200, 14700, 22100, 31900, 44500, 62500, 87500, 122500, 171500, 240000, 336000, 551000, 45000, 90000, 270000, NULL, NULL, NULL, NULL, NULL, NULL, NULL, NULL, NULL, NULL, NULL, NULL, NULL, NULL, NULL, NULL),
	(98, 30, 'Senna', 'S', 0, 0, 7, 8, 5, '', 'SE', 13, 10, 28, 16, 20, 2, 16, 0, '60', '60', 13, 13, 16, 16, 25, 25, 38, 12, 48, 0, 2855, 3058, NULL, 3297, NULL, 3552, NULL, 3812, NULL, 4112, NULL, 4406, NULL, 335, 358, NULL, 74, 82, NULL, 73, 101, NULL, 53, 78, NULL, 23000, 37500, 60000, 90000, 130000, 182000, 255000, 356500, 499500, 699000, 979000, 1370000, 2250000, 90000, 180000, 540000, NULL, NULL, NULL, NULL, NULL, NULL, NULL, NULL, NULL, NULL, NULL, NULL, NULL, NULL, NULL, NULL),
	(99, 26, 'Terzo Millennio', 'S', 0, 0, 5, 9, 5, '', 'SE', 13, 6, 28, 12, 20, 0, 16, 0, '60', '60', 13, 13, 16, 15, 25, 0, 38, 0, 48, 0, 3288, 3440, NULL, 3618, NULL, 3798, NULL, 3986, NULL, 4205, NULL, 4411, NULL, 380, 394, NULL, 78, 82, NULL, 45, 52, NULL, 54, 69, NULL, 23000, 37500, 60000, 90000, 130000, 182000, 255000, 356500, 499500, 699000, 979000, 1370000, 2250000, 90000, 180000, 540000, NULL, NULL, NULL, NULL, NULL, NULL, NULL, NULL, NULL, NULL, NULL, NULL, NULL, NULL, NULL, NULL),
	(100, 49, 'Fenyr Supersport', 'S', 0, 0, 0, 10, 5, '', '', 13, 13, 28, 28, 20, 20, 16, 7, '60', '60', 13, 13, 16, 16, 25, 25, 38, 38, 48, 48, 3345, 3492, NULL, 3666, NULL, 3851, NULL, 4043, NULL, 4268, NULL, 4479, NULL, 405, 416, NULL, 75, 82, NULL, 37, 43, NULL, 60, 68, NULL, 5640, 9200, 14700, 22100, 31900, 44500, 62500, 87500, 122500, 171500, 240000, 336000, 551000, 45000, 90000, 270000, NULL, NULL, NULL, NULL, NULL, NULL, NULL, NULL, NULL, NULL, NULL, NULL, NULL, NULL, NULL, NULL),
	(101, 50, 'TS1 GT Anniversary', 'S', 0, 0, 3, 11, 5, '', 'SE', 13, 12, 28, 26, 20, 10, 16, 0, '60', '60', 13, 13, 16, 16, 25, 25, 38, 38, 48, 19, 3067, 3251, NULL, 3477, NULL, 3711, NULL, 3958, NULL, 4249, NULL, 4514, NULL, 402, 418, NULL, 74, 81, NULL, 37, 46, NULL, 47, 63, NULL, 23000, 37500, 60000, 90000, 130000, 182000, 255000, 356500, 499500, 699000, 979000, 1370000, 2250000, 90000, 180000, 540000, NULL, NULL, NULL, NULL, NULL, NULL, NULL, NULL, NULL, NULL, NULL, NULL, NULL, NULL, NULL, NULL),
	(102, 7, 'Battista', 'S', 0, 0, 8, 12, 5, '', 'SE', 13, 6, 28, 24, 20, 16, 16, 4, '60', '60', 25, 25, 35, 12, 46, 0, 58, 0, 76, 0, 3122, 3308, NULL, 3527, NULL, 3761, NULL, 4002, NULL, 4280, NULL, 4550, NULL, 350, 368, NULL, 82, 88, NULL, 56, 80, NULL, 54, 78, NULL, 23000, 37500, 60000, 90000, 130000, 182000, 255000, 356500, 499500, 699000, 979000, 1370000, 2250000, 90000, 180000, 540000, NULL, NULL, NULL, NULL, NULL, NULL, NULL, NULL, NULL, NULL, NULL, NULL, NULL, NULL, NULL, NULL),
	(103, 30, 'Speedtail', 'S', 1, 0, 14, 13, 5, '', 'SE', 13, 0, 28, 0, 20, 0, 16, 0, '85', '43', 25, 0, 29, 0, 38, 0, 54, 0, 69, 0, NULL, NULL, NULL, NULL, NULL, NULL, NULL, NULL, NULL, NULL, NULL, NULL, NULL, 403, 416, NULL, 73, 81, NULL, 46, 56, NULL, 53, 74, NULL, 99999999, 99999999, 99999999, 99999999, 99999999, 99999999, 99999999, 99999999, 99999999, 99999999, 99999999, 99999999, 99999999, 99999999, 99999999, 99999999, NULL, NULL, NULL, NULL, NULL, NULL, NULL, NULL, NULL, NULL, NULL, NULL, NULL, NULL, NULL, NULL),
	(104, 25, 'Regera', 'S', 0, 1, 0, 14, 5, '', 'SE', 13, 13, 28, 28, 20, 20, 16, 16, '60', '60', 13, 13, 16, 16, 25, 25, 38, 38, 48, 48, 3460, 3612, NULL, 3793, NULL, 3980, NULL, 4176, NULL, 4403, NULL, 4616, NULL, 440, 457, NULL, 74, 80, NULL, 39, 48, NULL, 42, 52, NULL, 23000, 37500, 60000, 90000, 130000, 182000, 255000, 356500, 499500, 699000, 979000, 1370000, 2250000, 90000, 180000, 540000, NULL, NULL, NULL, NULL, NULL, NULL, NULL, NULL, NULL, NULL, NULL, NULL, NULL, NULL, NULL, NULL),
	(105, 26, 'Sin FKP 37', 'S', 1, 0, 12, 15, 5, '', 'SE', 13, 0, 28, 0, 20, 0, 16, 0, '85', '54', 25, 0, 29, 0, 38, 0, 54, 0, 69, 0, 3518, 3676, NULL, 3856, NULL, 4045, NULL, 0, NULL, 0, NULL, 4685, NULL, 350, 368, NULL, 74, 82, NULL, 68, 92, NULL, 69, 81, NULL, 23000, 37500, 60000, 90000, 130000, 182000, 255000, 356500, 499500, 699000, 979000, 1370000, 2250000, 90000, 180000, 540000, NULL, NULL, NULL, NULL, NULL, NULL, NULL, NULL, NULL, NULL, NULL, NULL, NULL, NULL, NULL, NULL),
	(106, 10, 'Chiron', 'S', 0, 1, 0, 16, 5, '', 'SE', 13, 13, 28, 28, 20, 20, 16, 16, '60', '60', 13, 13, 16, 16, 25, 25, 38, 38, 48, 48, 3577, 3730, NULL, 3910, NULL, 4101, NULL, 4302, NULL, 4534, NULL, 4755, NULL, 420, 443, NULL, 77, 84, NULL, 38, 45, NULL, 53, 63, NULL, 23000, 37500, 60000, 90000, 130000, 182000, 255000, 356500, 499500, 699000, 979000, 1370000, 2250000, 90000, 180000, 540000, NULL, NULL, NULL, NULL, NULL, NULL, NULL, NULL, NULL, NULL, NULL, NULL, NULL, NULL, NULL, NULL),
	(107, 11, 'Bailey Blade GT1', 'S', 0, 0, 13, 17, 5, '', 'SE', 13, 12, 28, 26, 20, 16, 16, 8, '85', '85', 25, 25, 29, 29, 38, 38, 54, 54, 69, 11, NULL, NULL, NULL, NULL, NULL, NULL, NULL, NULL, NULL, NULL, NULL, NULL, NULL, 434, 449, NULL, 74, 80, NULL, 40, 46, NULL, 54, 70, NULL, 23000, 37500, 60000, 90000, 130000, 182000, 255000, 356500, 499500, 699000, 979000, 1370000, 2250000, 90000, 180000, 540000, NULL, NULL, NULL, NULL, NULL, NULL, NULL, NULL, NULL, NULL, NULL, NULL, NULL, NULL, NULL, NULL),
	(108, 25, 'Jesko', 'S', 1, 0, 6, 18, 5, '', 'SE', 13, 6, 28, 0, 20, 0, 16, 0, '0', '0', 40, 40, 45, 15, 60, 0, 70, 0, 85, 0, 3637, 3793, NULL, 3975, NULL, 4170, NULL, 4372, NULL, 4608, NULL, 4826, NULL, 484, 496, NULL, 74, 80, NULL, 41, 48, NULL, 42, 58, NULL, 23000, 37500, 60000, 90000, 130000, 182000, 255000, 356500, 499500, 699000, 979000, 1370000, 2250000, 90000, 180000, 540000, NULL, NULL, NULL, NULL, NULL, NULL, NULL, NULL, NULL, NULL, NULL, NULL, NULL, NULL, NULL, NULL),
	(109, 38, 'C TWO', 'S', 1, 0, 9, 19, 5, '', 'Syndicate', 13, 0, 28, 0, 20, 0, 16, 0, '0', '0', 40, 6, 45, 0, 60, 0, 70, 0, 85, 0, 3697, 3852, NULL, 4035, NULL, 4231, NULL, 4435, NULL, 4677, NULL, 4897, NULL, 412, 421, NULL, 82, 87, NULL, 41, 51, NULL, 37, 56, NULL, 23000, 37500, 60000, 90000, 130000, 182000, 255000, 356500, 499500, 699000, 979000, 1370000, 2250000, 90000, 180000, 540000, NULL, NULL, NULL, NULL, NULL, NULL, NULL, NULL, NULL, NULL, NULL, NULL, NULL, NULL, NULL, NULL),
	(110, 41, 'Tuatara', 'S', 1, 0, 13, 20, 5, '', 'SE', 13, 8, 28, 24, 20, 8, 16, 0, '0', '0', 40, 40, 45, 45, 60, 19, 70, 0, 85, 0, NULL, NULL, NULL, NULL, NULL, NULL, NULL, NULL, NULL, NULL, NULL, NULL, NULL, 482, 490, NULL, 74, 82, NULL, 42, 48, NULL, 38, 62, NULL, 23000, 37500, 60000, 90000, 130000, 182000, 255000, 356500, 499500, 699000, 979000, 1370000, 2250000, 90000, 180000, 540000, NULL, NULL, NULL, NULL, NULL, NULL, NULL, NULL, NULL, NULL, NULL, NULL, NULL, NULL, NULL, NULL),
	(111, 17, 'SF90 Stradale', 'S', 1, 0, 15, 0, 5, '', 'SE', 13, 0, 28, 0, 20, 0, 16, 0, '60', '0', 0, 0, 0, 0, 0, 0, 0, 0, 0, 0, NULL, NULL, NULL, NULL, NULL, NULL, NULL, NULL, NULL, NULL, NULL, NULL, NULL, NULL, NULL, NULL, NULL, NULL, NULL, NULL, NULL, NULL, NULL, NULL, NULL, 99999999, 99999999, 99999999, 99999999, 99999999, 99999999, 99999999, 99999999, 99999999, 99999999, 99999999, 99999999, 99999999, 99999999, 99999999, 99999999, NULL, NULL, NULL, NULL, NULL, NULL, NULL, NULL, NULL, NULL, NULL, NULL, NULL, NULL, NULL, NULL);
/*!40000 ALTER TABLE `garage` ENABLE KEYS */;

CREATE TABLE IF NOT EXISTS `garage_brand` (
  `id` smallint(5) unsigned NOT NULL AUTO_INCREMENT,
  `name` varchar(128) COLLATE utf8mb4_unicode_ci NOT NULL,
  PRIMARY KEY (`id`),
  KEY `search_idx` (`id`)
) ENGINE=InnoDB DEFAULT CHARSET=utf8mb4 COLLATE=utf8mb4_unicode_ci;

/*!40000 ALTER TABLE `garage_brand` DISABLE KEYS */;
INSERT IGNORE INTO `garage_brand` (`id`, `name`) VALUES
	(1, 'Acura'),
	(2, 'Apex'),
	(3, 'Apollon'),
	(4, 'Arrinera'),
	(5, 'Artega'),
	(6, 'Aston Martin'),
	(7, 'Automobili Pininfarina'),
	(8, 'Bentley'),
	(9, 'BMW'),
	(10, 'Bugatti'),
	(11, 'BXR'),
	(12, 'Cadillac'),
	(13, 'Chevrolet'),
	(14, 'Dodge'),
	(15, 'DS Automobiles'),
	(16, 'Exotic Rides'),
	(17, 'Ferrari'),
	(18, 'Ford'),
	(19, 'Genty'),
	(20, 'Ginetta'),
	(21, 'Honda'),
	(22, 'Icona'),
	(23, 'Italdesign'),
	(24, 'Jaguar'),
	(25, 'Koenigsegg'),
	(26, 'Lamborghini'),
	(27, 'Lotus'),
	(28, 'Maserati'),
	(29, 'Mazda'),
	(30, 'McLaren'),
	(31, 'Mercedes-Benz'),
	(32, 'Mitsubishi'),
	(33, 'Nissan'),
	(34, 'Pagani'),
	(35, 'Pininfarina'),
	(36, 'Porsche'),
	(37, 'Rezvani'),
	(38, 'Rimac'),
	(39, 'SCG'),
	(40, 'Sin'),
	(41, 'SSC'),
	(42, 'Techrules'),
	(43, 'Trion'),
	(44, 'TVR'),
	(45, 'Vanda Electrics'),
	(46, 'Vencer'),
	(47, 'VLF'),
	(48, 'Volkswagen'),
	(49, 'W Motors'),
	(50, 'Zenvo');
/*!40000 ALTER TABLE `garage_brand` ENABLE KEYS */;

CREATE TABLE IF NOT EXISTS `inventory` (
  `id` smallint(5) unsigned NOT NULL AUTO_INCREMENT,
  `item` varchar(16) COLLATE utf8mb4_unicode_ci NOT NULL,
  `level` varchar(16) COLLATE utf8mb4_unicode_ci NOT NULL,
  `type` varchar(16) COLLATE utf8mb4_unicode_ci NOT NULL,
  `number` smallint(5) unsigned DEFAULT '0',
  PRIMARY KEY (`id`),
  KEY `search_idx` (`id`)
) ENGINE=InnoDB DEFAULT CHARSET=utf8mb4 COLLATE=utf8mb4_unicode_ci;

/*!40000 ALTER TABLE `inventory` DISABLE KEYS */;
INSERT IGNORE INTO `inventory` (`id`, `item`, `level`, `type`, `number`) VALUES
	(1, 'Speed', ' Class A', 'Rare', 69),
	(2, 'Speed', ' Class B', 'Rare', 83),
	(3, 'Speed', ' Class C', 'Rare', 74),
	(4, 'Speed', ' Class D', 'Rare', 19),
	(5, 'Speed', ' Class S', 'Rare', 110),
	(6, 'Acceleration', ' Class A', 'Rare', 77),
	(7, 'Acceleration', ' Class B', 'Rare', 87),
	(8, 'Acceleration', ' Class C', 'Rare', 78),
	(9, 'Acceleration', ' Class D', 'Rare', 26),
	(10, 'Acceleration', ' Class S', 'Rare', 113),
	(11, 'Handly', ' Class A', 'Rare', 87),
	(12, 'Handly', ' Class B', 'Rare', 106),
	(13, 'Handly', ' Class C', 'Rare', 77),
	(14, 'Handly', ' Class D', 'Rare', 26),
	(15, 'Handly', ' Class S', 'Rare', 101),
	(16, 'Nitro', ' Class A', 'Rare', 84),
	(17, 'Nitro', ' Class B', 'Rare', 98),
	(18, 'Nitro', ' Class C', 'Rare', 58),
	(19, 'Nitro', ' Class D', 'Rare', 28),
	(20, 'Nitro', ' Class S', 'Rare', 117),
	(21, 'Speed', 'Commons', 'Common', 245),
	(22, 'Acceleration', 'Commons', 'Common', 233),
	(23, 'Handly', 'Commons', 'Common', 277),
	(24, 'Nitro', 'Commons', 'Common', 285),
	(25, 'Epics', 'Epics', 'Epic', 30);
/*!40000 ALTER TABLE `inventory` ENABLE KEYS */;

CREATE TABLE IF NOT EXISTS `race` (
  `id` smallint(5) unsigned NOT NULL AUTO_INCREMENT,
  `season_id` smallint(5) unsigned NOT NULL,
  `track_id` smallint(5) unsigned NOT NULL,
  `mode_id` smallint(5) unsigned NOT NULL,
  `time_id` smallint(5) unsigned NOT NULL,
  `number` smallint(5) unsigned NOT NULL,
  `credits` smallint(5) unsigned DEFAULT NULL,
  `is_finished` tinyint(1) NOT NULL DEFAULT '0',
  PRIMARY KEY (`id`),
  KEY `IDX_DA6FBBAF4EC001D1` (`season_id`),
  KEY `IDX_DA6FBBAF5ED23C43` (`track_id`),
  KEY `IDX_DA6FBBAF77E5854A` (`mode_id`),
  KEY `IDX_DA6FBBAF5EEADD3B` (`time_id`),
  KEY `search_idx` (`id`),
  CONSTRAINT `FK_DA6FBBAF5EEADD3B` FOREIGN KEY (`time_id`) REFERENCES `race_time` (`id`),
  CONSTRAINT `FK_DA6FBBAF4EC001D1` FOREIGN KEY (`season_id`) REFERENCES `race_season` (`id`),
  CONSTRAINT `FK_DA6FBBAF5ED23C43` FOREIGN KEY (`track_id`) REFERENCES `race_track` (`id`),
  CONSTRAINT `FK_DA6FBBAF77E5854A` FOREIGN KEY (`mode_id`) REFERENCES `race_mode` (`id`)
) ENGINE=InnoDB DEFAULT CHARSET=utf8mb4 COLLATE=utf8mb4_unicode_ci;

/*!40000 ALTER TABLE `race` DISABLE KEYS */;
INSERT IGNORE INTO `race` (`id`, `season_id`, `track_id`, `mode_id`, `time_id`, `number`, `credits`, `is_finished`) VALUES
	(1, 1, 31, 3, 3, 1, 1000, 1),
	(2, 1, 31, 3, 3, 2, 1000, 1),
	(3, 1, 18, 3, 2, 3, 630, 1),
	(4, 1, 30, 3, 1, 4, 430, 1),
	(5, 1, 33, 3, 2, 5, 670, 1),
	(6, 1, 62, 3, 1, 6, 460, 1),
	(7, 1, 8, 3, 2, 7, 0, 1),
	(8, 1, 86, 3, 3, 8, 950, 1),
	(9, 1, 75, 3, 2, 12, 590, 1),
	(10, 2, 38, 3, 1, 1, 430, 1),
	(11, 2, 30, 3, 1, 2, 440, 1),
	(12, 2, 16, 3, 1, 3, 440, 1),
	(13, 2, 2, 3, 1, 4, 450, 1),
	(14, 2, 18, 3, 2, 5, 690, 1),
	(15, 2, 49, 3, 2, 6, 690, 1),
	(16, 2, 65, 3, 2, 7, 700, 1),
	(17, 2, 86, 3, 3, 8, 1200, 1),
	(18, 2, 45, 3, 3, 9, 1200, 1),
	(19, 2, 78, 3, 3, 10, 1200, 1),
	(20, 2, 62, 3, 1, 11, 480, 1),
	(21, 2, 101, 3, 1, 12, 490, 1),
	(22, 2, 18, 3, 2, 13, 740, 1),
	(23, 2, 45, 3, 3, 14, 1200, 1),
	(24, 2, 67, 3, 3, 15, 1300, 1),
	(25, 3, 17, 3, 3, 1, 1000, 1),
	(26, 3, 86, 3, 3, 2, 1000, 1),
	(27, 3, 63, 2, 4, 3, 1100, 1),
	(28, 3, 46, 3, 3, 4, 1100, 1),
	(29, 3, 75, 3, 2, 5, 640, 1),
	(30, 3, 30, 3, 1, 6, 460, 1),
	(31, 3, 47, 1, 3, 7, 1200, 1),
	(32, 3, 37, 3, 1, 8, 470, 1),
	(33, 3, 65, 3, 2, 9, 720, 1),
	(34, 3, 46, 3, 3, 10, 1200, 1),
	(35, 3, 76, 3, 3, 11, 1200, 1),
	(36, 3, 90, 3, 1, 12, 490, 1),
	(37, 3, 105, 3, 2, 13, 740, 1),
	(38, 3, 27, 3, 3, 14, 1300, 1),
	(39, 4, 101, 3, 1, 1, 450, 1),
	(40, 4, 19, 1, 3, 2, 760, 1),
	(41, 4, 33, 3, 2, 3, 440, 1),
	(42, 4, 49, 3, 2, 4, 470, 1),
	(43, 4, 31, 3, 3, 5, 680, 1),
	(44, 4, 8, 3, 2, 6, 490, 1),
	(45, 4, 79, 3, 3, 7, 800, 1),
	(46, 4, 67, 3, 3, 8, 840, 1),
	(47, 4, 47, 3, 3, 9, 860, 1),
	(48, 4, 63, 3, 4, 10, 970, 1),
	(49, 5, 9, 3, 3, 1, 1000, 1),
	(50, 5, 30, 3, 1, 2, 410, 1),
	(51, 5, 45, 3, 3, 3, 1000, 1),
	(52, 5, 1, 3, 1, 4, 420, 1),
	(53, 5, 87, 3, 2, 5, 640, 1),
	(54, 5, 78, 3, 3, 6, 1100, 1),
	(55, 5, 65, 3, 2, 7, 660, 1),
	(56, 5, 6, 3, 3, 8, 1100, 1),
	(57, 5, 62, 3, 1, 9, 450, 1),
	(58, 5, 77, 2, 4, 10, 1100, 1),
	(59, 5, 95, 3, 2, 11, 690, 1),
	(60, 5, 46, 3, 3, 12, 1200, 1),
	(61, 6, 8, 3, 2, 1, 700, 1),
	(62, 6, 11, 2, 4, 2, 1300, 1),
	(63, 6, 99, 2, 4, 3, 1300, 1),
	(64, 6, 91, 3, 2, 4, 770, 1),
	(65, 6, 20, 2, 4, 5, 1400, 1),
	(66, 6, 55, 2, 4, 6, 1500, 1),
	(67, 7, 75, 3, 2, 1, 470, 1),
	(68, 7, 2, 3, 1, 2, 320, 1),
	(69, 7, 62, 3, 1, 3, 330, 1),
	(70, 7, 6, 1, 3, 4, 830, 1),
	(71, 7, 69, 3, 3, 5, 870, 1),
	(72, 7, 76, 3, 3, 6, 900, 1),
	(73, 7, 30, 3, 1, 7, 370, 1),
	(74, 7, 67, 3, 3, 8, 950, 1),
	(75, 7, 49, 3, 2, 9, 580, 1),
	(76, 7, 35, 3, 4, 10, 1100, 1),
	(77, 8, 43, 3, 2, 1, 430, 1),
	(78, 8, 16, 3, 1, 2, 450, 1),
	(79, 8, 79, 3, 3, 3, 790, 1),
	(80, 8, 90, 3, 1, 4, 500, 1),
	(81, 8, 31, 1, 3, 5, 860, 1),
	(82, 8, 27, 3, 3, 6, 880, 1),
	(83, 8, 65, 3, 2, 7, 530, 1),
	(84, 8, 101, 3, 1, 8, 370, 1),
	(85, 8, 47, 3, 3, 9, 940, 1),
	(86, 8, 54, 3, 4, 10, 970, 1),
	(87, 9, 18, 3, 2, 1, 350, 1),
	(88, 9, 8, 3, 2, 2, 360, 1),
	(89, 9, 37, 3, 1, 3, 380, 1),
	(90, 9, 105, 3, 2, 4, 390, 1),
	(91, 9, 49, 3, 2, 5, 400, 1),
	(92, 9, 17, 3, 3, 6, 680, 1),
	(93, 10, 38, 3, 1, 1, 300, 1),
	(94, 10, 79, 3, 3, 2, 782, 1),
	(95, 10, 43, 3, 2, 3, 470, 1),
	(96, 10, 62, 3, 1, 4, 320, 1),
	(97, 10, 8, 3, 2, 5, 540, 1),
	(98, 10, 27, 3, 3, 6, 920, 1),
	(99, 10, 105, 3, 2, 7, 560, 1),
	(100, 10, 86, 3, 3, 8, 960, 1),
	(101, 10, 27, 1, 3, 9, 970, 1),
	(102, 10, 19, 3, 3, 10, 980, 1),
	(103, 11, 14, 3, 3, 1, 1400, 1),
	(104, 11, 17, 3, 3, 2, 1400, 1),
	(105, 11, 81, 3, 3, 3, 1400, 1),
	(106, 11, 27, 3, 3, 4, 1400, 1),
	(107, 11, 60, 3, 4, 5, 1600, 1),
	(108, 11, 78, 3, 3, 6, 1400, 1),
	(109, 11, 72, 3, 2, 7, 870, 1),
	(110, 11, 90, 3, 1, 8, 600, 1),
	(111, 11, 98, 3, 1, 9, 600, 1),
	(112, 11, 34, 3, 1, 10, 610, 1),
	(113, 11, 8, 3, 2, 11, 920, 1),
	(114, 11, 22, 3, 3, 12, 1500, 1),
	(115, 11, 18, 3, 2, 13, 930, 1),
	(116, 11, 29, 3, 3, 14, 1600, 1),
	(117, 11, 22, 1, 3, 15, 1600, 1),
	(118, 12, 93, 3, 2, 1, 1100, 1),
	(119, 12, 14, 3, 3, 2, 1800, 1),
	(120, 12, 60, 3, 4, 3, 2000, 1),
	(121, 12, 99, 2, 4, 4, 2000, 1),
	(122, 12, 90, 3, 1, 5, 730, 1),
	(123, 12, 8, 3, 2, 6, 1100, 1),
	(124, 12, 11, 2, 4, 7, 1100, 1),
	(125, 13, 16, 3, 1, 1, 680, 1),
	(126, 13, 43, 3, 2, 2, 1000, 1),
	(127, 13, 79, 3, 3, 3, 1700, 1),
	(128, 13, 54, 3, 4, 4, 1900, 1),
	(129, 13, 101, 3, 1, 5, 720, 1),
	(130, 13, 65, 3, 2, 6, 1100, 1),
	(131, 13, 47, 3, 3, 7, 1800, 1),
	(132, 13, 45, 3, 3, 8, 1900, 1),
	(133, 13, 89, 3, 3, 9, 1900, 1),
	(134, 13, 21, 1, 3, 10, 1900, 1),
	(135, 13, 16, 3, 1, 11, 750, 1),
	(136, 13, 36, 3, 4, 12, 2100, 1),
	(137, 14, 16, 3, 1, 1, 570, 1),
	(138, 14, 29, 3, 3, 2, 1400, 1),
	(139, 14, 90, 3, 1, 3, 590, 1),
	(140, 14, 86, 3, 3, 4, 1500, 1),
	(141, 14, 27, 3, 3, 5, 1500, 1),
	(142, 14, 69, 3, 3, 6, 1500, 1),
	(143, 14, 47, 1, 3, 7, 1500, 1),
	(144, 14, 58, 3, 3, 8, 1600, 1),
	(145, 14, 14, 3, 3, 9, 1600, 1),
	(146, 14, 22, 3, 3, 10, 1600, 1),
	(147, 14, 81, 3, 3, 11, 1600, 1),
	(148, 14, 65, 3, 2, 12, 970, 1),
	(149, 14, 31, 3, 3, 13, 1600, 1),
	(150, 14, 38, 3, 1, 14, 660, 1),
	(151, 14, 99, 3, 4, 15, 1800, 1),
	(152, 14, 39, 3, 1, 16, 680, 1),
	(153, 14, 60, 3, 4, 17, 1900, 1),
	(154, 14, 1, 3, 1, 18, 690, 1),
	(155, 14, 98, 3, 1, 19, 690, 1),
	(156, 14, 34, 3, 1, 20, 700, 1),
	(157, 14, 15, 3, 3, 21, 1700, 1),
	(158, 14, 72, 3, 2, 22, 1100, 1),
	(159, 16, 79, 3, 3, 1, 1500, 1),
	(160, 16, 102, 3, 3, 2, 1500, 1),
	(161, 16, 21, 3, 3, 3, 1500, 1),
	(162, 16, 47, 3, 3, 4, 1500, 1),
	(163, 16, 29, 1, 3, 5, 1500, 1),
	(164, 16, 17, 3, 3, 6, 1600, 1),
	(165, 16, 89, 3, 3, 7, 1600, 1),
	(166, 16, 90, 3, 1, 8, 640, 1),
	(167, 16, 31, 3, 3, 9, 1600, 1),
	(168, 16, 9, 3, 3, 10, 1600, 1),
	(169, 16, 58, 3, 3, 11, 1600, 1),
	(170, 16, 19, 3, 3, 12, 1600, 1),
	(171, 16, 67, 3, 3, 13, 1700, 1),
	(172, 17, 85, 3, 3, 1, 1700, 1),
	(173, 17, 102, 3, 3, 2, 1700, 1),
	(174, 17, 9, 3, 3, 3, 1700, 1),
	(175, 17, 10, 3, 2, 4, 1000, 1),
	(176, 17, 67, 3, 3, 5, 1700, 1),
	(177, 17, 95, 3, 2, 6, 1100, 1),
	(178, 17, 21, 3, 3, 7, 1800, 1),
	(179, 17, 58, 1, 3, 8, 1800, 1),
	(180, 17, 15, 3, 3, 9, 1800, 1),
	(181, 17, 33, 3, 2, 10, 1100, 1),
	(182, 17, 92, 3, 3, 11, 1800, 1),
	(183, 17, 31, 3, 3, 12, 1800, 1),
	(184, 18, 15, 3, 3, 1, 1700, 1),
	(185, 18, 89, 3, 3, 2, 1700, 1),
	(186, 18, 10, 3, 2, 3, 1000, 1),
	(187, 18, 29, 3, 3, 4, 1700, 1),
	(188, 18, 73, 3, 1, 5, 680, 1),
	(189, 18, 31, 3, 3, 6, 1700, 1),
	(190, 18, 46, 1, 3, 7, 1700, 1),
	(191, 18, 28, 3, 1, 8, 700, 1),
	(192, 18, 57, 3, 3, 9, 1800, 1),
	(193, 18, 91, 3, 2, 10, 1100, 1),
	(194, 18, 89, 3, 3, 11, 1800, 1),
	(195, 18, 64, 2, 4, 12, 2000, 1),
	(196, 19, 58, 3, 3, 1, 1400, 1),
	(197, 19, 46, 3, 3, 2, 1400, 1),
	(198, 19, 57, 3, 3, 3, 1400, 1),
	(199, 19, 78, 3, 3, 4, 1400, 1),
	(200, 19, 102, 1, 3, 5, 1400, 1),
	(201, 19, 53, 3, 4, 6, 1600, 1),
	(202, 19, 81, 3, 3, 7, 1400, 1),
	(203, 19, 95, 3, 2, 8, 880, 1),
	(204, 19, 10, 3, 2, 9, 890, 1),
	(205, 19, 1, 3, 1, 10, 600, 1),
	(206, 19, 19, 3, 3, 11, 1500, 1),
	(207, 19, 85, 3, 3, 12, 1500, 1),
	(208, 19, 69, 3, 3, 13, 1500, 1),
	(209, 19, 15, 3, 3, 14, 1500, 1),
	(210, 19, 63, 3, 4, 15, 1700, 1),
	(211, 20, 76, 3, 3, 1, 1600, 1),
	(212, 20, 6, 3, 3, 2, 1600, 1),
	(213, 20, 76, 1, 3, 3, 1600, 1),
	(214, 20, 46, 3, 3, 4, 1600, 1),
	(215, 20, 17, 3, 3, 5, 1600, 1),
	(216, 20, 22, 3, 3, 6, 1600, 1),
	(217, 20, 58, 3, 3, 7, 1600, 1),
	(218, 20, 98, 3, 1, 8, 670, 1),
	(219, 20, 57, 3, 3, 9, 1700, 1),
	(220, 20, 86, 3, 3, 10, 1700, 1),
	(221, 20, 31, 3, 3, 11, 1700, 1),
	(222, 20, 102, 3, 3, 12, 1700, 1),
	(223, 20, 4, 3, 4, 13, 1800, 1),
	(224, 21, 39, 3, 1, 1, 500, 1),
	(225, 21, 30, 3, 1, 2, 510, 1),
	(226, 21, 45, 3, 3, 3, 1300, 1),
	(227, 21, 1, 3, 1, 4, 520, 1),
	(228, 21, 87, 3, 2, 5, 780, 1),
	(229, 21, 57, 1, 3, 6, 1300, 1),
	(230, 21, 87, 3, 2, 7, 810, 1),
	(231, 21, 6, 3, 3, 8, 1400, 1),
	(232, 21, 62, 3, 1, 9, 550, 1),
	(233, 21, 58, 3, 3, 10, 1400, 1),
	(234, 21, 9, 3, 3, 11, 1400, 1),
	(235, 21, 64, 3, 4, 12, 1400, 1),
	(236, 22, 62, 3, 1, 1, 610, 1),
	(237, 22, 75, 3, 2, 2, 930, 1),
	(238, 22, 64, 2, 4, 3, 1700, 1),
	(239, 22, 63, 2, 4, 4, 1800, 1),
	(240, 22, 37, 3, 1, 5, 660, 1),
	(241, 22, 63, 2, 4, 6, 1800, 1),
	(242, 22, 64, 2, 4, 7, 1800, 1),
	(243, 23, 102, 3, 3, 1, 1400, 1),
	(244, 23, 79, 3, 3, 2, 1300, 1),
	(245, 23, 21, 3, 3, 3, 1400, 1),
	(246, 23, 15, 3, 3, 4, 1400, 1),
	(247, 23, 54, 3, 4, 5, 1600, 1),
	(248, 23, 89, 1, 3, 6, 1500, 1),
	(249, 23, 10, 3, 2, 7, 900, 1),
	(250, 23, 65, 3, 2, 8, 920, 1),
	(251, 23, 73, 3, 1, 9, 610, 1),
	(252, 23, 45, 3, 3, 10, 1600, 1),
	(253, 23, 92, 3, 3, 11, 1600, 1),
	(254, 23, 47, 3, 3, 12, 1600, 1),
	(255, 24, 79, 3, 3, 1, 1200, 1),
	(256, 24, 14, 3, 3, 2, 1200, 1),
	(257, 24, 19, 3, 3, 3, 1200, 1),
	(258, 24, 93, 3, 2, 4, 760, 1),
	(259, 24, 79, 3, 3, 5, 1200, 1),
	(260, 24, 55, 2, 4, 6, 1400, 1),
	(261, 24, 98, 3, 1, 7, 530, 1),
	(262, 24, 34, 3, 1, 8, 530, 1),
	(263, 24, 19, 3, 3, 9, 1300, 1),
	(264, 24, 72, 3, 2, 10, 820, 1),
	(265, 24, 47, 3, 3, 11, 1400, 1),
	(266, 24, 22, 3, 3, 12, 1400, 1),
	(267, 24, 37, 3, 1, 13, 570, 1),
	(268, 24, 60, 3, 4, 14, 1600, 1),
	(269, 25, 80, 3, 3, 1, 1100, 1),
	(270, 25, 43, 3, 2, 2, 980, 1),
	(271, 25, 64, 2, 4, 3, 1300, 1),
	(272, 25, 39, 3, 1, 4, 670, 1),
	(273, 25, 49, 3, 2, 5, 1000, 1),
	(274, 25, 97, 2, 3, 6, 1200, 1),
	(275, 25, 33, 3, 2, 7, 1100, 1),
	(276, 25, 29, 1, 3, 8, 1800, 1),
	(277, 25, 18, 3, 2, 9, 750, 1),
	(278, 25, 105, 3, 2, 10, 1100, 1),
	(279, 25, 80, 3, 3, 11, 1900, 1),
	(280, 25, 33, 3, 2, 12, 780, 1),
	(281, 25, 43, 3, 2, 13, 810, 1),
	(282, 25, 55, 2, 4, 14, 2100, 1),
	(283, 25, 4, 3, 4, 15, 2100, 1),
	(284, 25, 72, 3, 2, 16, 830, 1),
	(285, 25, 97, 3, 3, 17, 2000, 1),
	(286, 25, 104, 3, 2, 18, 860, 1),
	(287, 25, 63, 2, 4, 19, 1900, 1),
	(288, 25, 11, 3, 4, 20, 2200, 1),
	(289, 27, 98, 3, 1, 1, 510, 1),
	(290, 27, 34, 3, 1, 2, 510, 1),
	(291, 27, 72, 3, 2, 3, 770, 1),
	(292, 27, 29, 3, 3, 4, 1300, 1),
	(293, 27, 11, 2, 4, 5, 1500, 1),
	(294, 27, 98, 3, 1, 6, 530, 1),
	(295, 27, 8, 3, 2, 7, 810, 1),
	(296, 27, 14, 3, 3, 8, 1400, 1),
	(297, 27, 22, 3, 3, 9, 1400, 1),
	(298, 27, 78, 3, 3, 10, 1400, 1),
	(299, 27, 72, 3, 2, 11, 850, 1),
	(300, 27, 81, 3, 3, 12, 1400, 1),
	(301, 28, 37, 3, 1, 1, 500, 1),
	(302, 28, 75, 3, 2, 2, 790, 1),
	(303, 28, 17, 3, 3, 3, 1400, 1),
	(304, 28, 14, 3, 3, 4, 1400, 1),
	(305, 28, 77, 3, 4, 5, 1500, 1),
	(306, 28, 43, 3, 2, 6, 870, 1),
	(307, 28, 99, 3, 4, 7, 1600, 1),
	(308, 28, 28, 3, 1, 8, 610, 1),
	(309, 28, 20, 3, 4, 9, 1700, 1),
	(310, 28, 36, 3, 4, 10, 1700, 1),
	(311, 26, 23, 3, 1, 8, 0, 1),
	(312, 26, 50, 3, 3, 5, 0, 1),
	(313, 26, 7, 3, 3, 3, 0, 1),
	(314, 26, 83, 3, 3, 12, 0, 1),
	(315, 26, 96, 3, 4, 7, 0, 1),
	(316, 26, 88, 3, 3, 6, 0, 1),
	(317, 26, 48, 3, 3, 2, 0, 1),
	(318, 26, 70, 3, 3, 1, 0, 1),
	(319, 26, 103, 3, 1, 11, 0, 1),
	(320, 26, 24, 3, 3, 13, 0, 1),
	(321, 29, 17, 3, 3, 1, 1900, 1),
	(322, 29, 31, 3, 3, 2, 1900, 1),
	(323, 29, 27, 3, 3, 3, 1900, 1),
	(324, 29, 78, 3, 3, 4, 1900, 1),
	(325, 29, 11, 3, 4, 5, 2100, 1),
	(326, 29, 8, 3, 2, 6, 1200, 1),
	(327, 29, 29, 3, 3, 7, 2000, 1),
	(328, 29, 22, 3, 3, 8, 2000, 1),
	(329, 29, 14, 3, 3, 9, 2000, 1),
	(330, 29, 60, 3, 4, 10, 2200, 1),
	(331, 29, 81, 3, 3, 11, 2000, 1),
	(332, 29, 72, 3, 2, 12, 1200, 1),
	(333, 29, 104, 3, 2, 13, 1200, 1),
	(334, 29, 14, 3, 3, 14, 2100, 1),
	(335, 29, 90, 3, 1, 15, 830, 1),
	(336, 29, 12, 3, 4, 16, 2300, 1),
	(337, 29, 27, 1, 3, 17, 2100, 1),
	(338, 29, 99, 3, 4, 18, 2300, 1),
	(339, 30, 31, 1, 3, 1, 2000, 1),
	(340, 30, 9, 3, 3, 2, 2000, 1),
	(341, 30, 57, 3, 3, 3, 2000, 1),
	(342, 30, 52, 3, 3, 4, 2000, 1),
	(343, 30, 67, 3, 3, 5, 2000, 1),
	(344, 30, 69, 3, 3, 6, 2000, 1),
	(345, 30, 2, 3, 1, 7, 810, 1),
	(346, 30, 92, 3, 3, 8, 2000, 1),
	(347, 30, 15, 3, 3, 9, 2000, 1),
	(348, 30, 27, 3, 3, 10, 2000, 1),
	(349, 30, 89, 3, 3, 11, 2000, 1),
	(350, 30, 85, 3, 3, 12, 2000, 1),
	(351, 30, 35, 3, 4, 13, 2300, 1),
	(352, 30, 62, 3, 1, 14, 831, 1),
	(353, 30, 34, 3, 1, 15, 840, 1),
	(354, 31, 52, 3, 3, 1, 1800, 1),
	(355, 31, 102, 3, 3, 2, 1800, 1),
	(356, 31, 75, 3, 2, 3, 1100, 1),
	(357, 31, 28, 3, 1, 4, 740, 1),
	(358, 31, 58, 1, 3, 5, 1900, 1),
	(359, 31, 19, 3, 3, 6, 1900, 1),
	(360, 31, 102, 3, 3, 7, 1900, 1),
	(361, 31, 91, 3, 2, 8, 1100, 1),
	(362, 31, 17, 3, 3, 9, 1900, 1),
	(363, 31, 89, 3, 3, 10, 1900, 1),
	(364, 31, 29, 3, 3, 11, 1900, 1),
	(365, 31, 57, 3, 3, 12, 1900, 1),
	(366, 31, 21, 3, 3, 13, 1900, 1),
	(367, 31, 85, 3, 3, 14, 2000, 1),
	(368, 31, 44, 3, 4, 15, 2200, 1),
	(369, 32, 29, 3, 3, 1, 1700, 1),
	(370, 32, 81, 3, 3, 2, 1700, 1),
	(371, 32, 14, 3, 3, 3, 1800, 1),
	(372, 32, 104, 3, 2, 4, 1100, 1),
	(373, 32, 34, 3, 1, 5, 740, 1),
	(374, 32, 72, 3, 2, 6, 1100, 1),
	(375, 32, 14, 3, 3, 7, 1900, 1),
	(376, 32, 99, 3, 4, 8, 2100, 1),
	(377, 32, 22, 3, 3, 9, 1900, 1),
	(378, 32, 60, 3, 4, 10, 2100, 1),
	(379, 32, 52, 3, 3, 11, 1900, 1),
	(380, 32, 57, 3, 3, 12, 2000, 1),
	(381, 32, 9, 3, 3, 13, 2000, 1),
	(382, 32, 57, 1, 3, 14, 2000, 1),
	(383, 32, 1, 3, 1, 15, 810, 1),
	(384, 32, 87, 3, 2, 16, 1200, 1),
	(385, 32, 95, 3, 2, 17, 1200, 1),
	(386, 32, 77, 3, 4, 18, 2300, 1),
	(387, 33, 20, 2, 4, 1, 1900, 1),
	(388, 33, 63, 2, 4, 2, 2000, 1),
	(389, 33, 77, 2, 4, 3, 2000, 1),
	(390, 33, 55, 2, 4, 4, 2000, 1),
	(391, 33, 64, 2, 4, 5, 2000, 1),
	(392, 33, 11, 2, 4, 6, 2100, 1),
	(393, 33, 99, 2, 4, 7, 2100, 1),
	(394, 34, 73, 3, 1, 1, 720, 1),
	(395, 34, 21, 3, 3, 2, 1800, 1),
	(396, 34, 47, 3, 3, 3, 1800, 1),
	(397, 34, 45, 3, 3, 4, 1800, 1),
	(398, 34, 36, 3, 4, 5, 2000, 1),
	(399, 34, 73, 3, 1, 6, 750, 1),
	(400, 34, 20, 2, 4, 7, 2100, 1),
	(401, 34, 43, 3, 2, 8, 1100, 1),
	(402, 34, 65, 3, 2, 9, 1200, 1),
	(403, 34, 60, 3, 4, 10, 2100, 1),
	(404, 34, 90, 3, 1, 11, 780, 1),
	(405, 34, 29, 3, 3, 12, 2000, 1),
	(406, 34, 22, 3, 3, 13, 2000, 1),
	(407, 34, 14, 3, 3, 14, 2000, 1),
	(408, 34, 16, 3, 1, 15, 810, 1),
	(409, 34, 15, 3, 3, 16, 2000, 1),
	(410, 34, 92, 3, 3, 17, 2100, 1),
	(411, 34, 20, 3, 4, 18, 2300, 1),
	(412, 35, 37, 3, 1, 1, 630, 1),
	(413, 35, 73, 3, 1, 2, 640, 1),
	(414, 35, 99, 2, 4, 3, 1800, 1),
	(415, 35, 27, 3, 3, 4, 1600, 1),
	(416, 35, 105, 3, 2, 5, 990, 1),
	(417, 35, 95, 3, 2, 6, 1000, 1),
	(418, 35, 85, 3, 3, 7, 1700, 1),
	(419, 35, 91, 3, 2, 8, 1000, 1),
	(420, 35, 19, 1, 3, 9, 1700, 1),
	(421, 35, 52, 3, 3, 10, 1700, 1),
	(422, 35, 15, 3, 3, 11, 1700, 1),
	(423, 35, 44, 3, 4, 12, 2000, 1),
	(424, 35, 28, 3, 1, 13, 720, 1),
	(425, 35, 2, 3, 1, 14, 720, 1),
	(426, 35, 78, 3, 3, 15, 1800, 1),
	(427, 35, 69, 3, 3, 16, 1900, 1),
	(428, 35, 36, 3, 4, 17, 2100, 1),
	(429, 35, 46, 3, 3, 18, 1800, 1),
	(430, 36, 21, 3, 3, 1, 1900, 1),
	(431, 36, 34, 3, 1, 2, 750, 1),
	(432, 36, 46, 3, 3, 3, 1900, 1),
	(433, 36, 86, 3, 3, 4, 1900, 1),
	(434, 36, 62, 3, 1, 5, 780, 1),
	(435, 36, 65, 3, 2, 6, 1200, 1),
	(436, 36, 89, 3, 3, 7, 2000, 1),
	(437, 36, 47, 3, 3, 8, 2000, 1),
	(438, 36, 55, 2, 4, 9, 2200, 1),
	(439, 36, 8, 3, 2, 10, 1200, 1),
	(440, 36, 78, 3, 3, 11, 2000, 1),
	(441, 36, 31, 3, 3, 12, 2000, 1),
	(442, 36, 17, 3, 3, 13, 2000, 1),
	(443, 36, 76, 3, 3, 14, 2000, 1),
	(444, 36, 2, 3, 1, 15, 820, 1),
	(445, 37, 65, 2, 2, 1, 1200, 1),
	(446, 37, 55, 2, 4, 2, 2200, 1),
	(447, 37, 20, 2, 4, 3, 2200, 1),
	(448, 37, 1, 3, 1, 4, 820, 1),
	(449, 37, 77, 2, 4, 5, 2300, 1),
	(450, 37, 95, 3, 2, 6, 1300, 1),
	(451, 37, 77, 2, 4, 7, 2300, 1),
	(452, 38, 17, 3, 3, 1, 1900, 1),
	(453, 38, 21, 3, 3, 2, 1900, 1),
	(454, 38, 6, 1, 3, 3, 1900, 1),
	(455, 38, 67, 3, 3, 4, 1900, 1),
	(456, 38, 11, 3, 4, 5, 2100, 1),
	(457, 38, 30, 3, 1, 6, 790, 1),
	(458, 38, 6, 3, 3, 7, 2000, 1),
	(459, 38, 33, 3, 2, 8, 1200, 1),
	(460, 38, 18, 3, 2, 9, 1200, 1),
	(461, 38, 60, 3, 4, 10, 2200, 1),
	(462, 38, 85, 3, 3, 11, 2000, 1),
	(463, 38, 29, 3, 3, 12, 2000, 1),
	(464, 38, 22, 3, 3, 13, 2100, 1),
	(465, 38, 14, 3, 3, 14, 2100, 1),
	(466, 38, 16, 3, 1, 15, 830, 1),
	(467, 38, 15, 3, 3, 16, 2100, 1),
	(468, 39, 34, 3, 1, 1, 690, 1),
	(469, 39, 73, 3, 1, 2, 690, 1),
	(470, 39, 75, 3, 2, 3, 1000, 1),
	(471, 39, 9, 3, 3, 4, 1700, 1),
	(472, 39, 10, 3, 2, 5, 1100, 1),
	(473, 39, 104, 3, 2, 6, 1100, 1),
	(474, 39, 102, 3, 3, 7, 1800, 1),
	(475, 39, 28, 3, 1, 8, 710, 1),
	(476, 39, 91, 3, 2, 9, 1100, 1),
	(477, 39, 99, 2, 4, 10, 2000, 1),
	(478, 39, 52, 3, 3, 11, 1800, 1),
	(479, 39, 92, 3, 3, 12, 1800, 1),
	(480, 39, 89, 1, 3, 13, 1800, 1),
	(481, 39, 21, 3, 3, 14, 1800, 1),
	(482, 39, 54, 3, 4, 15, 2000, 1),
	(483, 40, 73, 3, 1, 1, 830, 1),
	(484, 40, 28, 3, 1, 2, 830, 1),
	(485, 40, 102, 3, 3, 3, 2100, 1),
	(486, 40, 20, 3, 4, 4, 2300, 1),
	(487, 40, 20, 2, 4, 5, 2300, 1),
	(488, 40, 21, 3, 3, 6, 2100, 1),
	(489, 40, 91, 3, 2, 7, 1300, 1),
	(490, 40, 28, 3, 1, 8, 870, 1),
	(491, 40, 15, 3, 3, 9, 2200, 1),
	(492, 40, 102, 3, 3, 10, 2200, 1),
	(493, 40, 21, 3, 3, 11, 2200, 1),
	(494, 40, 73, 3, 1, 12, 880, 1),
	(495, 40, 92, 3, 3, 13, 2200, 1),
	(496, 40, 10, 3, 2, 14, 1300, 1),
	(497, 40, 91, 3, 2, 15, 1300, 1),
	(498, 40, 4, 3, 4, 16, 2500, 1),
	(499, 41, 92, 3, 3, 1, 1800, 1),
	(500, 41, 85, 3, 3, 2, 1800, 1),
	(501, 41, 76, 1, 3, 3, 1800, 1),
	(502, 41, 67, 3, 3, 4, 1900, 1),
	(503, 41, 10, 3, 2, 5, 1100, 1),
	(504, 41, 75, 3, 2, 6, 1100, 1),
	(505, 41, 52, 3, 3, 7, 1900, 1),
	(506, 41, 15, 3, 3, 8, 1900, 1),
	(507, 41, 31, 3, 3, 9, 1900, 1),
	(508, 41, 33, 3, 2, 10, 1200, 1),
	(509, 41, 46, 1, 3, 11, 1900, 1),
	(510, 41, 11, 3, 4, 12, 2100, 1),
	(511, 42, 46, 3, 3, 1, 2000, 1),
	(512, 42, 6, 3, 3, 2, 2000, 1),
	(513, 42, 102, 1, 3, 3, 2000, 1),
	(514, 42, 85, 3, 3, 4, 2100, 1),
	(515, 42, 86, 3, 3, 5, 2100, 1),
	(516, 42, 79, 3, 3, 6, 2100, 1),
	(517, 42, 78, 3, 3, 7, 2100, 1),
	(518, 42, 27, 3, 3, 8, 2100, 1),
	(519, 42, 31, 3, 3, 9, 2100, 1),
	(520, 42, 17, 3, 3, 10, 2100, 1),
	(521, 42, 67, 3, 3, 11, 2100, 1),
	(522, 42, 21, 1, 3, 12, 2100, 1),
	(523, 42, 52, 3, 3, 13, 2100, 1),
	(524, 42, 58, 3, 3, 14, 2100, 1),
	(525, 42, 63, 2, 4, 15, 2300, 1),
	(526, 42, 101, 3, 1, 16, 860, 1),
	(527, 44, 43, 3, 2, 1, 1300, 1),
	(528, 44, 79, 3, 3, 2, 2100, 1),
	(529, 44, 16, 3, 1, 3, 860, 1),
	(530, 44, 47, 3, 3, 4, 2100, 1),
	(531, 44, 89, 1, 3, 5, 2200, 1),
	(532, 44, 65, 3, 2, 6, 1300, 1),
	(533, 44, 45, 3, 3, 7, 2200, 1),
	(534, 44, 101, 3, 1, 8, 880, 1),
	(535, 44, 89, 3, 3, 9, 2200, 1),
	(536, 44, 36, 3, 4, 10, 2500, 1),
	(537, 45, 87, 3, 2, 1, 1500, 1),
	(538, 45, 95, 3, 2, 2, 1500, 1),
	(539, 45, 19, 3, 3, 3, 2400, 1),
	(540, 45, 31, 3, 3, 4, 2500, 1),
	(541, 45, 98, 3, 1, 5, 980, 1),
	(542, 45, 102, 3, 3, 6, 2500, 1),
	(543, 45, 2, 3, 1, 7, 990, 1),
	(544, 45, 86, 3, 3, 8, 2500, 1),
	(545, 45, 34, 3, 1, 9, 1000, 1),
	(546, 45, 52, 3, 3, 10, 2500, 1),
	(547, 45, 38, 3, 1, 11, 1000, 1),
	(548, 45, 37, 3, 1, 12, 1000, 1),
	(549, 45, 77, 2, 4, 13, 2800, 1),
	(550, 45, 45, 3, 3, 14, 2500, 1),
	(551, 46, 105, 3, 2, 1, 1300, 1),
	(552, 46, 15, 3, 3, 2, 2100, 1),
	(553, 46, 95, 3, 2, 3, 1300, 1),
	(554, 46, 67, 3, 3, 4, 2100, 1),
	(555, 46, 91, 3, 2, 5, 1300, 1),
	(556, 46, 57, 3, 3, 6, 2200, 1),
	(557, 46, 69, 3, 3, 7, 2200, 1),
	(558, 46, 75, 3, 2, 8, 1300, 1),
	(559, 46, 27, 1, 3, 9, 2200, 1),
	(560, 46, 52, 3, 3, 10, 2200, 1),
	(561, 46, 46, 3, 3, 11, 2200, 1),
	(562, 46, 53, 3, 4, 12, 2300, 1),
	(563, 47, 58, 3, 3, 1, 2300, 1),
	(564, 47, 9, 3, 3, 2, 2300, 1),
	(565, 47, 19, 3, 3, 3, 2300, 1),
	(566, 47, 67, 3, 3, 4, 2400, 1),
	(567, 47, 57, 3, 3, 5, 2400, 1),
	(568, 47, 69, 3, 3, 6, 2400, 1),
	(569, 47, 52, 3, 3, 7, 2400, 1),
	(570, 47, 76, 1, 3, 8, 2400, 1),
	(571, 47, 87, 3, 2, 9, 1400, 1),
	(572, 47, 39, 3, 1, 10, 950, 1),
	(573, 48, 29, 3, 3, 1, 2300, 1),
	(574, 48, 81, 3, 3, 2, 2300, 1),
	(575, 48, 46, 3, 3, 3, 2300, 1),
	(576, 48, 6, 3, 3, 4, 2300, 1),
	(577, 48, 85, 3, 3, 5, 2300, 1),
	(578, 48, 45, 3, 3, 6, 2300, 1),
	(579, 48, 79, 3, 3, 7, 2300, 1),
	(580, 48, 16, 3, 1, 8, 930, 1),
	(581, 48, 55, 2, 2, 9, 2600, 1),
	(582, 48, 54, 3, 4, 10, 2600, 1),
	(583, 49, 21, 3, 3, 1, 2300, 1),
	(584, 49, 20, 2, 3, 2, 2500, 1),
	(585, 49, 46, 3, 3, 3, 2300, 1),
	(586, 49, 6, 3, 3, 4, 2300, 1),
	(587, 49, 62, 3, 1, 5, 920, 1),
	(588, 49, 86, 3, 3, 6, 2300, 1),
	(589, 49, 85, 3, 3, 7, 2300, 1),
	(590, 49, 89, 3, 3, 8, 2300, 1),
	(591, 49, 45, 3, 3, 9, 2300, 1),
	(592, 49, 101, 3, 1, 10, 950, 1),
	(593, 49, 22, 1, 3, 11, 2400, 1),
	(594, 49, 79, 3, 3, 12, 2400, 1),
	(595, 50, 98, 3, 1, 1, 960, 1),
	(596, 50, 43, 3, 2, 2, 1400, 1),
	(597, 50, 33, 3, 2, 3, 1400, 1),
	(598, 50, 19, 3, 3, 4, 2400, 1),
	(599, 50, 92, 3, 3, 5, 2400, 1),
	(600, 50, 18, 3, 2, 6, 1500, 1),
	(601, 50, 11, 2, 4, 7, 2700, 1),
	(602, 50, 6, 3, 3, 8, 2700, 1),
	(603, 50, 57, 3, 3, 9, 2500, 1),
	(604, 50, 69, 3, 3, 10, 2500, 1),
	(605, 50, 16, 3, 1, 11, 990, 1),
	(606, 50, 2, 3, 1, 12, 1000, 1),
	(607, 50, 81, 3, 3, 13, 2500, 1),
	(608, 50, 35, 3, 4, 14, 2800, 1),
	(609, 51, 104, 3, 2, 1, 1300, 1),
	(610, 51, 19, 3, 3, 2, 2100, 1),
	(611, 51, 84, 2, 2, 3, 2300, 1),
	(612, 51, 92, 3, 3, 4, 1300, 1),
	(613, 51, 37, 3, 1, 5, 860, 1),
	(614, 51, 38, 3, 1, 6, 860, 1),
	(615, 51, 9, 3, 3, 7, 2200, 1),
	(616, 51, 21, 3, 3, 8, 2200, 1),
	(617, 51, 2, 3, 1, 9, 880, 1),
	(618, 51, 10, 3, 2, 10, 1300, 1),
	(619, 51, 6, 3, 3, 11, 2200, 1),
	(620, 51, 12, 3, 4, 12, 2400, 1),
	(621, 52, 98, 3, 1, 1, 870, 1),
	(622, 52, 87, 3, 2, 2, 1300, 1),
	(623, 52, 67, 3, 3, 3, 2200, 1),
	(624, 52, 72, 3, 2, 4, 1300, 1),
	(625, 52, 58, 3, 3, 5, 2200, 1),
	(626, 52, 29, 1, 3, 6, 2200, 1),
	(627, 52, 22, 3, 3, 7, 2200, 1),
	(628, 52, 69, 3, 3, 8, 2200, 1),
	(629, 52, 33, 3, 2, 9, 1400, 1),
	(630, 52, 57, 3, 3, 10, 2300, 1),
	(631, 52, 105, 3, 2, 11, 1400, 1),
	(632, 52, 11, 3, 4, 12, 2500, 1),
	(633, 53, 102, 3, 3, 1, 2200, 1),
	(634, 53, 92, 3, 3, 2, 2200, 1),
	(635, 53, 21, 3, 3, 3, 2200, 1),
	(636, 53, 15, 3, 3, 4, 2200, 1),
	(637, 53, 20, 3, 4, 5, 2500, 1),
	(638, 53, 91, 3, 2, 6, 1400, 1),
	(639, 53, 73, 3, 1, 7, 920, 1),
	(640, 53, 55, 2, 4, 8, 2500, 1),
	(641, 53, 47, 3, 3, 9, 2300, 1),
	(642, 53, 28, 3, 1, 10, 930, 1),
	(643, 53, 45, 3, 3, 11, 2300, 1),
	(644, 53, 102, 1, 3, 12, 2400, 1),
	(645, 53, 65, 3, 2, 13, 1400, 1),
	(646, 53, 43, 3, 2, 14, 1400, 1),
	(647, 53, 16, 3, 1, 15, 970, 1),
	(648, 54, 18, 3, 2, 1, 1200, 1),
	(649, 54, 65, 3, 2, 2, 1300, 1),
	(650, 54, 86, 3, 3, 3, 2100, 1),
	(651, 54, 73, 3, 1, 4, 850, 1),
	(652, 54, 28, 3, 1, 5, 850, 1),
	(653, 54, 6, 1, 3, 6, 2100, 1),
	(654, 54, 34, 3, 1, 7, 860, 1),
	(655, 54, 78, 3, 3, 8, 2200, 1),
	(656, 54, 64, 2, 4, 9, 2400, 1),
	(657, 54, 1, 3, 1, 10, 880, 1),
	(658, 54, 8, 3, 2, 11, 1300, 1),
	(659, 54, 20, 3, 4, 12, 2500, 1),
	(660, 55, 14, 3, 3, 1, 2000, 1),
	(661, 55, 22, 3, 3, 2, 2000, 1),
	(662, 55, 81, 3, 3, 3, 2100, 1),
	(663, 55, 29, 3, 3, 4, 2100, 1),
	(664, 55, 60, 3, 4, 5, 2400, 1),
	(665, 55, 17, 3, 3, 6, 2200, 1),
	(666, 55, 31, 3, 3, 7, 2200, 1),
	(667, 55, 21, 1, 3, 8, 2300, 1),
	(668, 55, 78, 3, 3, 9, 2300, 1),
	(669, 55, 12, 3, 4, 10, 2500, 1),
	(670, 55, 86, 3, 3, 11, 2300, 1),
	(671, 55, 85, 3, 3, 12, 2300, 1),
	(672, 55, 6, 3, 3, 13, 2300, 1),
	(673, 55, 46, 3, 3, 14, 2300, 1),
	(674, 55, 64, 3, 4, 15, 2600, 1),
	(675, 57, 68, 3, 3, 1, 2300, 1),
	(676, 57, 26, 3, 1, 2, 930, 1),
	(677, 57, 32, 3, 3, 3, 2300, 1),
	(678, 57, 100, 3, 1, 4, 950, 1),
	(679, 57, 26, 3, 3, 5, 960, 1),
	(680, 57, 3, 2, 3, 6, 2700, 1),
	(681, 57, 32, 2, 3, 7, 1500, 1),
	(682, 57, 74, 3, 2, 8, 1500, 1),
	(683, 57, 25, 3, 1, 9, 1000, 1),
	(684, 57, 66, 3, 3, 10, 2500, 1),
	(685, 57, 40, 3, 3, 11, 2500, 1),
	(686, 57, 25, 3, 2, 12, 1500, 1),
	(687, 57, 66, 1, 3, 13, 2600, 1),
	(688, 57, 100, 3, 1, 14, 1000, 1),
	(689, 57, 3, 3, 3, 15, 2900, 1),
	(690, 57, 42, 3, 4, 0, 0, 1),
	(691, 58, 104, 3, 2, 1, 1300, 1),
	(692, 58, 72, 3, 2, 2, 1400, 1),
	(693, 58, 30, 3, 1, 3, 910, 1),
	(694, 58, 62, 3, 1, 4, 910, 1),
	(695, 58, 35, 3, 4, 5, 2500, 1),
	(696, 58, 78, 3, 3, 6, 2300, 1),
	(697, 58, 27, 3, 3, 7, 2300, 1),
	(698, 58, 31, 3, 3, 8, 2300, 1),
	(699, 58, 10, 3, 2, 9, 1400, 1),
	(700, 58, 28, 3, 1, 10, 940, 1),
	(701, 58, 58, 1, 3, 11, 2400, 1),
	(702, 58, 67, 3, 3, 12, 2400, 1),
	(703, 58, 44, 3, 4, 13, 2600, 1),
	(704, 59, 57, 3, 3, 1, 2300, 1),
	(705, 59, 77, 2, 4, 2, 2600, 1),
	(706, 59, 17, 3, 3, 3, 2300, 1),
	(707, 59, 11, 2, 4, 4, 2600, 1),
	(708, 59, 86, 3, 3, 5, 2400, 1),
	(709, 59, 64, 2, 4, 6, 2600, 1),
	(710, 59, 92, 3, 3, 7, 2400, 1),
	(711, 59, 20, 2, 4, 8, 2600, 1),
	(712, 60, 29, 3, 3, 1, 2300, 1),
	(713, 60, 27, 3, 3, 2, 2300, 1),
	(714, 60, 22, 3, 3, 3, 2300, 1),
	(715, 60, 31, 1, 3, 4, 2300, 1),
	(716, 60, 99, 3, 4, 5, 2600, 1),
	(717, 60, 78, 3, 3, 6, 2400, 1),
	(718, 60, 81, 3, 3, 7, 2400, 1),
	(719, 60, 31, 3, 3, 8, 2400, 1),
	(720, 60, 14, 3, 3, 9, 2400, 1),
	(721, 60, 11, 3, 4, 10, 2700, 1),
	(722, 60, 98, 3, 1, 11, 980, 1),
	(723, 60, 12, 3, 4, 12, 2700, 1),
	(724, 60, 34, 3, 1, 13, 990, 1),
	(725, 60, 60, 3, 4, 14, 2700, 1),
	(726, 60, 38, 3, 1, 15, 1000, 1),
	(727, 60, 90, 3, 1, 16, 1000, 1),
	(728, 60, 69, 3, 3, 17, 2600, 1),
	(729, 60, 86, 3, 3, 18, 2600, 1),
	(730, 60, 19, 3, 3, 19, 2600, 1),
	(731, 60, 79, 3, 3, 20, 2600, 1),
	(732, 61, 30, 3, 1, 1, 930, 1),
	(733, 61, 62, 3, 1, 2, 940, 1),
	(734, 61, 22, 1, 3, 3, 2400, 1),
	(735, 61, 17, 3, 3, 4, 2400, 1),
	(736, 61, 49, 3, 2, 5, 1400, 1),
	(737, 61, 73, 3, 1, 6, 970, 1),
	(738, 61, 76, 3, 3, 7, 2400, 1),
	(739, 61, 54, 3, 4, 8, 2700, 1),
	(740, 61, 105, 3, 2, 9, 1500, 1),
	(741, 61, 38, 3, 1, 10, 1000, 1),
	(742, 61, 10, 3, 2, 11, 1500, 1),
	(743, 61, 89, 3, 3, 12, 2500, 1),
	(744, 62, 75, 3, 2, 1, 1500, 1),
	(745, 62, 9, 3, 3, 2, 2600, 1),
	(746, 62, 2, 3, 1, 3, 1000, 1),
	(747, 62, 47, 3, 3, 4, 2600, 1),
	(748, 62, 46, 3, 3, 5, 2600, 1),
	(749, 62, 29, 3, 3, 6, 2600, 1),
	(750, 62, 85, 3, 3, 7, 2500, 1),
	(751, 62, 76, 3, 3, 8, 2600, 1),
	(752, 62, 27, 1, 3, 9, 2600, 1),
	(753, 62, 81, 3, 3, 10, 2600, 1),
	(754, 62, 15, 3, 3, 11, 1700, 1),
	(755, 62, 14, 3, 3, 12, 2700, 1),
	(756, 63, 9, 3, 3, 1, 2700, 1),
	(757, 63, 47, 3, 3, 2, 2700, 1),
	(758, 63, 52, 3, 3, 3, 2700, 1),
	(759, 63, 92, 3, 3, 4, 2700, 1),
	(760, 63, 11, 2, 2, 5, 3000, 1),
	(761, 63, 95, 3, 2, 6, 1600, 1),
	(762, 63, 53, 3, 4, 7, 3000, 1),
	(763, 63, 87, 3, 2, 8, 1600, 1),
	(764, 63, 2, 3, 1, 9, 1100, 1),
	(765, 64, 58, 3, 3, 1, 2700, 1),
	(766, 64, 81, 3, 3, 2, 2700, 1),
	(767, 64, 9, 3, 3, 3, 2700, 1),
	(768, 64, 15, 3, 3, 4, 2700, 1),
	(769, 64, 53, 3, 4, 5, 3000, 1),
	(770, 64, 19, 3, 3, 6, 2800, 1),
	(771, 64, 47, 3, 3, 7, 2800, 1),
	(772, 64, 63, 2, 3, 8, 3100, 1),
	(773, 64, 78, 3, 3, 9, 2800, 1),
	(774, 64, 44, 3, 4, 10, 3100, 1),
	(775, 65, 49, 3, 2, 1, 1400, 1),
	(776, 65, 102, 3, 3, 2, 2400, 1),
	(777, 65, 27, 1, 3, 3, 2400, 1),
	(778, 65, 86, 3, 3, 4, 2400, 1),
	(779, 65, 73, 3, 1, 5, 980, 1),
	(780, 65, 28, 3, 1, 6, 980, 1),
	(781, 65, 9, 3, 3, 7, 2500, 1),
	(782, 65, 69, 3, 3, 8, 2500, 1),
	(783, 65, 77, 3, 4, 9, 2700, 1),
	(784, 65, 85, 3, 3, 10, 2500, 1),
	(785, 65, 37, 3, 1, 11, 990, 1),
	(786, 65, 81, 3, 3, 12, 2500, 1),
	(787, 66, 9, 3, 3, 1, 2600, 1),
	(788, 66, 29, 1, 3, 2, 2600, 1),
	(789, 66, 53, 3, 4, 3, 2900, 1),
	(790, 66, 12, 3, 4, 4, 2900, 1),
	(791, 66, 1, 3, 1, 5, 1100, 1),
	(792, 66, 79, 3, 3, 6, 2600, 1),
	(793, 66, 67, 3, 3, 7, 2700, 1),
	(794, 66, 55, 2, 4, 8, 2900, 1),
	(795, 66, 78, 3, 3, 9, 2700, 1),
	(796, 66, 16, 3, 1, 10, 1100, 1),
	(797, 67, 76, 3, 3, 1, 2500, 1),
	(798, 67, 57, 3, 3, 2, 2500, 1),
	(799, 67, 105, 3, 2, 3, 1500, 1),
	(800, 67, 6, 3, 3, 4, 2500, 1),
	(801, 67, 39, 3, 1, 5, 1000, 1),
	(802, 67, 1, 3, 1, 6, 1000, 1),
	(803, 67, 4, 3, 4, 7, 2800, 1),
	(804, 67, 46, 3, 3, 8, 2500, 1),
	(805, 67, 58, 1, 3, 9, 2600, 1),
	(806, 67, 91, 3, 2, 10, 1500, 1),
	(807, 67, 104, 3, 2, 11, 1600, 1),
	(808, 67, 63, 3, 4, 12, 2900, 1),
	(809, 68, 79, 3, 3, 1, 2500, 1),
	(810, 68, 9, 3, 3, 2, 2500, 1),
	(811, 68, 45, 3, 3, 3, 2500, 1),
	(812, 68, 31, 1, 3, 4, 2500, 1),
	(813, 68, 35, 3, 4, 5, 2800, 1),
	(814, 68, 101, 3, 1, 6, 1000, 1),
	(815, 68, 33, 3, 2, 7, 1500, 1),
	(816, 68, 102, 3, 3, 8, 2600, 1),
	(817, 68, 22, 3, 3, 9, 2600, 1),
	(818, 68, 21, 3, 3, 10, 2600, 1),
	(819, 68, 89, 3, 3, 11, 2600, 1),
	(820, 68, 4, 3, 4, 12, 2900, 1),
	(821, 68, 90, 3, 1, 13, 1100, 1),
	(822, 68, 91, 3, 2, 14, 1600, 1),
	(823, 68, 1, 3, 1, 15, 1100, 1),
	(824, 69, 39, 3, 1, 1, 950, 1),
	(825, 69, 30, 3, 1, 2, 950, 1),
	(826, 69, 49, 3, 2, 3, 1400, 1),
	(827, 69, 52, 3, 3, 4, 2400, 1),
	(828, 69, 38, 3, 1, 5, 970, 1),
	(829, 69, 6, 1, 3, 6, 2400, 1),
	(830, 69, 19, 3, 3, 7, 2500, 1),
	(831, 69, 10, 3, 2, 8, 1500, 1),
	(832, 69, 95, 3, 2, 9, 1500, 1),
	(833, 69, 64, 2, 4, 10, 2700, 1),
	(834, 69, 9, 3, 3, 11, 2500, 1),
	(835, 69, 64, 3, 4, 12, 2800, 1),
	(836, 70, 105, 3, 2, 1, 1300, 1),
	(837, 70, 19, 3, 3, 2, 2200, 1),
	(838, 70, 102, 3, 3, 3, 2200, 1),
	(839, 70, 34, 3, 1, 4, 910, 1),
	(840, 70, 10, 3, 2, 5, 1400, 1),
	(841, 70, 86, 3, 3, 6, 2300, 1),
	(842, 70, 43, 3, 2, 7, 1400, 1),
	(843, 70, 65, 3, 2, 8, 1400, 1),
	(844, 70, 92, 3, 3, 9, 2400, 1),
	(845, 70, 18, 3, 2, 10, 1400, 1),
	(846, 70, 75, 3, 2, 11, 1500, 1),
	(847, 70, 11, 2, 4, 12, 2700, 1),
	(848, 70, 89, 3, 3, 13, 2500, 1),
	(849, 70, 37, 3, 1, 14, 990, 1),
	(850, 70, 63, 3, 4, 15, 2700, 1),
	(851, 71, 78, 3, 3, 1, 2500, 1),
	(852, 71, 45, 3, 3, 2, 2600, 1),
	(853, 71, 31, 3, 3, 3, 2600, 1),
	(854, 71, 58, 3, 3, 4, 2600, 1),
	(855, 71, 38, 3, 1, 5, 1000, 1),
	(856, 71, 69, 3, 3, 6, 2600, 1),
	(857, 71, 15, 3, 3, 7, 2600, 1),
	(858, 71, 19, 3, 3, 8, 2600, 1),
	(859, 71, 9, 3, 3, 9, 2600, 1),
	(860, 71, 37, 3, 1, 10, 1100, 1),
	(861, 71, 57, 1, 3, 11, 2700, 1),
	(862, 71, 6, 3, 3, 12, 2700, 1),
	(863, 71, 77, 3, 4, 13, 3000, 1),
	(864, 72, 72, 3, 2, 1, 1400, 1),
	(865, 72, 38, 3, 1, 2, 970, 1),
	(866, 72, 49, 3, 2, 3, 1500, 1),
	(867, 72, 39, 3, 1, 4, 980, 1),
	(868, 72, 1, 3, 1, 5, 990, 1),
	(869, 72, 76, 3, 3, 6, 2500, 1),
	(870, 72, 46, 1, 3, 7, 2500, 1),
	(871, 72, 64, 3, 4, 8, 2800, 1),
	(872, 72, 28, 3, 1, 9, 1000, 1),
	(873, 72, 101, 3, 1, 10, 1000, 1),
	(874, 72, 87, 3, 2, 11, 1500, 1),
	(875, 72, 95, 3, 2, 12, 1500, 1),
	(876, 72, 30, 3, 1, 13, 1000, 1),
	(877, 72, 104, 3, 2, 14, 1500, 1),
	(878, 72, 44, 3, 4, 15, 2800, 1),
	(879, 73, 45, 3, 3, 1, 2500, 1),
	(880, 73, 55, 2, 4, 2, 2800, 1),
	(881, 73, 67, 3, 3, 3, 2500, 1),
	(882, 73, 63, 2, 4, 4, 2800, 1),
	(883, 73, 81, 3, 3, 5, 2600, 1),
	(884, 73, 99, 2, 4, 6, 2900, 1),
	(885, 74, 61, 3, 1, 1, 840, 1),
	(886, 74, 59, 3, 3, 2, 1900, 1),
	(887, 74, 13, 2, 3, 3, 2000, 1),
	(888, 74, 56, 3, 1, 4, 950, 1),
	(889, 74, 71, 3, 2, 5, 1400, 1),
	(890, 74, 51, 2, 4, 6, 2700, 1),
	(891, 74, 41, 3, 3, 7, 2500, 1),
	(892, 74, 82, 3, 2, 8, 1500, 1),
	(893, 74, 94, 3, 3, 9, 2500, 1),
	(894, 74, 106, 2, 4, 10, 2700, 1),
	(895, 74, 5, 3, 4, 0, 0, 1),
	(896, 75, 17, 3, 3, 1, 2600, 1),
	(897, 75, 47, 3, 3, 2, 2600, 1),
	(898, 75, 27, 3, 3, 3, 2600, 1),
	(899, 75, 76, 3, 3, 4, 2700, 1),
	(900, 75, 64, 3, 4, 5, 2900, 1),
	(901, 75, 38, 3, 1, 6, 1100, 1),
	(902, 75, 14, 3, 3, 7, 2700, 1),
	(903, 75, 52, 3, 3, 8, 2700, 1),
	(904, 75, 81, 3, 3, 9, 2700, 1),
	(905, 75, 21, 1, 3, 10, 2700, 1),
	(906, 75, 34, 3, 1, 11, 1100, 1),
	(907, 75, 101, 3, 1, 12, 1100, 1),
	(908, 75, 104, 3, 2, 13, 1700, 1);
/*!40000 ALTER TABLE `race` ENABLE KEYS */;

CREATE TABLE IF NOT EXISTS `race_mode` (
  `id` smallint(5) unsigned NOT NULL AUTO_INCREMENT,
  `name` varchar(32) COLLATE utf8mb4_unicode_ci NOT NULL,
  PRIMARY KEY (`id`),
  KEY `search_idx` (`id`)
) ENGINE=InnoDB DEFAULT CHARSET=utf8mb4 COLLATE=utf8mb4_unicode_ci;

/*!40000 ALTER TABLE `race_mode` DISABLE KEYS */;
INSERT IGNORE INTO `race_mode` (`id`, `name`) VALUES
	(1, 'Chrono (Time Attack)'),
	(2, 'Poursuite (Hunter)'),
	(3, 'Race (Single)');
/*!40000 ALTER TABLE `race_mode` ENABLE KEYS */;

CREATE TABLE IF NOT EXISTS `race_region` (
  `id` smallint(5) unsigned NOT NULL AUTO_INCREMENT,
  `name` varchar(32) COLLATE utf8mb4_unicode_ci NOT NULL,
  PRIMARY KEY (`id`),
  KEY `search_idx` (`id`)
) ENGINE=InnoDB DEFAULT CHARSET=utf8mb4 COLLATE=utf8mb4_unicode_ci;

/*!40000 ALTER TABLE `race_region` DISABLE KEYS */;
INSERT IGNORE INTO `race_region` (`id`, `name`) VALUES
	(1, 'Caire'),
	(2, 'Carabes'),
	(3, 'cosse'),
	(4, 'Himalaya'),
	(5, 'New York'),
	(6, 'Osaka'),
	(7, 'Rome'),
	(8, 'San Francisco'),
	(9, 'Shanghai'),
	(10, 'U.S. Midwest');
/*!40000 ALTER TABLE `race_region` ENABLE KEYS */;

CREATE TABLE IF NOT EXISTS `race_season` (
  `id` smallint(5) unsigned NOT NULL AUTO_INCREMENT,
  `chapter` smallint(5) unsigned NOT NULL,
  `name` varchar(128) COLLATE utf8mb4_unicode_ci NOT NULL,
  PRIMARY KEY (`id`),
  KEY `search_idx` (`id`)
) ENGINE=InnoDB DEFAULT CHARSET=utf8mb4 COLLATE=utf8mb4_unicode_ci;

/*!40000 ALTER TABLE `race_season` DISABLE KEYS */;
INSERT IGNORE INTO `race_season` (`id`, `chapter`, `name`) VALUES
	(1, 1, 'BMW Z4'),
	(2, 1, 'Camaro'),
	(3, 1, 'Class C Novice'),
	(4, 1, 'Class D Novice'),
	(5, 1, 'Class D Rookie'),
	(6, 1, 'Escape'),
	(7, 1, 'Exclusive Challenge Asia'),
	(8, 1, 'Gearheads'),
	(9, 1, 'Legendary Start'),
	(10, 1, 'Pure Muscle Car'),
	(11, 2, 'American Blaze'),
	(12, 2, 'American Most Wanted'),
	(13, 2, 'Aston Martin'),
	(14, 2, 'BMW'),
	(15, 2, 'British Season'),
	(16, 2, 'Class B Novice'),
	(17, 2, 'Class B Rookie'),
	(18, 2, 'Class C Pro'),
	(19, 2, 'Class C Rookie'),
	(20, 2, 'Class D Elite'),
	(21, 2, 'Class D Pro'),
	(22, 2, 'Eastern Getaway'),
	(23, 2, 'Euro Tracks'),
	(24, 2, 'Green Machines'),
	(25, 2, 'Lotus'),
	(26, 2, 'Stars & Stripes'),
	(27, 2, 'Ultimate Muscle'),
	(28, 2, 'Volkswagen XL Sport'),
	(29, 3, 'American Extreme'),
	(30, 3, 'Class C Elite'),
	(31, 3, 'Class D Master'),
	(32, 3, 'Dodge'),
	(33, 3, 'Escapes'),
	(34, 3, 'Euro Rebels'),
	(35, 3, 'Exotic Beasts'),
	(36, 3, 'Ford'),
	(37, 3, 'From North to South'),
	(38, 3, 'Future Fast'),
	(39, 3, 'German Wheels'),
	(40, 3, 'Italian Ride'),
	(41, 3, 'Super Cars 1  The Beginning'),
	(42, 3, 'Super Cars 2  Rising'),
	(43, 3, 'Ultimate Experience Season'),
	(44, 4, 'British Beasts'),
	(45, 4, 'Class A Elite'),
	(46, 4, 'Class A Novice'),
	(47, 4, 'Class A Pro'),
	(48, 4, 'Class A Rookie'),
	(49, 4, 'Class B Elite'),
	(50, 4, 'Class B Master'),
	(51, 4, 'Class B Pro'),
	(52, 4, 'Class C Master'),
	(53, 4, 'Euro Show Down'),
	(54, 4, 'Land Of The Racing Sun'),
	(55, 4, 'Porsche'),
	(56, 4, 'Scuderia Ferrari'),
	(57, 4, 'Sun Racers'),
	(58, 4, 'Super Cars 3  Return To Ride'),
	(59, 4, 'Urban Outcast'),
	(60, 5, 'American Autos'),
	(61, 5, 'Asphalt Hyper Machines'),
	(62, 5, 'Class A Master'),
	(63, 5, 'Class S Elite'),
	(64, 5, 'Class S Master'),
	(65, 5, 'Class S Novice'),
	(66, 5, 'Class S Pro'),
	(67, 5, 'Class S Rookie'),
	(68, 5, 'Euro Motors'),
	(69, 5, 'Ferrari'),
	(70, 5, 'Hybrid Ace'),
	(71, 5, 'Hyper Roam'),
	(72, 5, 'Lamborghini'),
	(73, 5, 'Roadtrips International'),
	(74, 5, 'Tradition Meets Future'),
	(75, 5, 'W Motors');
/*!40000 ALTER TABLE `race_season` ENABLE KEYS */;

CREATE TABLE IF NOT EXISTS `race_time` (
  `id` smallint(5) unsigned NOT NULL AUTO_INCREMENT,
  `time` smallint(5) unsigned NOT NULL,
  PRIMARY KEY (`id`),
  KEY `search_idx` (`id`)
) ENGINE=InnoDB DEFAULT CHARSET=utf8mb4 COLLATE=utf8mb4_unicode_ci;

/*!40000 ALTER TABLE `race_time` DISABLE KEYS */;
INSERT IGNORE INTO `race_time` (`id`, `time`) VALUES
	(1, 30),
	(2, 60),
	(3, 90),
	(4, 120);
/*!40000 ALTER TABLE `race_time` ENABLE KEYS */;

CREATE TABLE IF NOT EXISTS `race_track` (
  `id` smallint(5) unsigned NOT NULL AUTO_INCREMENT,
  `region_id` smallint(5) unsigned NOT NULL,
  `name` varchar(128) COLLATE utf8mb4_unicode_ci NOT NULL,
  PRIMARY KEY (`id`),
  KEY `IDX_30DDD9B798260155` (`region_id`),
  KEY `search_idx` (`id`),
  CONSTRAINT `FK_30DDD9B798260155` FOREIGN KEY (`region_id`) REFERENCES `race_region` (`id`)
) ENGINE=InnoDB DEFAULT CHARSET=utf8mb4 COLLATE=utf8mb4_unicode_ci;

/*!40000 ALTER TABLE `race_track` DISABLE KEYS */;
INSERT IGNORE INTO `race_track` (`id`, `region_id`, `name`) VALUES
	(1, 1, 'A Kings Revival'),
	(2, 4, 'Acte de Foi'),
	(3, 2, 'All Inclusive'),
	(4, 7, 'Alternate Route'),
	(5, 6, 'Asphalt Cave'),
	(6, 9, 'Balade  Nanjing'),
	(7, 5, 'Bonds et Sauts'),
	(8, 8, 'Bord de l\'Eau'),
	(9, 1, 'Brasier Urbain'),
	(10, 7, 'Bread and Circuses'),
	(11, 8, 'Bridge Finale'),
	(12, 8, 'Bridge View'),
	(13, 6, 'Budding Start'),
	(14, 10, 'Canyon Launch'),
	(15, 7, 'Capitale du Monde'),
	(16, 3, 'Cimetire Naval'),
	(17, 8, 'City by the Bay'),
	(18, 8, 'City Dash'),
	(19, 4, 'Cliffhanger'),
	(20, 7, 'Complete Tour'),
	(21, 7, 'Coup d\'Envoi de Saint-Pierre'),
	(22, 10, 'Courbe Tourbillonnante'),
	(23, 5, 'Course dans le Parc'),
	(24, 5, 'Course de Dirigeables'),
	(25, 2, 'Course de l\'Htel'),
	(26, 2, 'Course de l\'liot'),
	(27, 8, 'Course en Montagnes Russes'),
	(28, 7, 'Course Romaine'),
	(29, 10, 'Course Transcontinentale'),
	(30, 9, 'Double Rond-Point'),
	(31, 8, 'Downtown Rise'),
	(32, 2, 'Dpart du Tonnerre'),
	(33, 9, 'Envole-Toi'),
	(34, 10, 'Fan de Train'),
	(35, 9, 'Fivre Acheteuse'),
	(36, 3, 'Freedom Route'),
	(37, 4, 'Freefall'),
	(38, 8, 'Frnsie Ferrovaire'),
	(39, 1, 'Gezira Island'),
	(40, 2, 'Htel Paradisiaque'),
	(41, 6, 'Industrial Revolution'),
	(42, 2, 'Island Tour'),
	(43, 3, 'L\'ile Enchante'),
	(44, 4, 'La Grotte Asphalt'),
	(45, 3, 'La Grotte'),
	(46, 9, 'La Perle de l\'Orient'),
	(47, 3, 'La Route du Vent'),
	(48, 5, 'La Ville qui ne Dort Jamais'),
	(49, 4, 'Landslide'),
	(50, 5, 'Largage Arien'),
	(51, 6, 'Large Hill'),
	(52, 1, 'Le Nil'),
	(53, 1, 'Les Jeux du Pharaon'),
	(54, 3, 'Les Moulins  Vent'),
	(55, 3, 'Les Routes de la Libert'),
	(56, 6, 'Meiji Rush'),
	(57, 1, 'Merveilles Anciennes'),
	(58, 1, 'Mille Minaets'),
	(59, 6, 'Moat Finale'),
	(60, 10, 'Navajo Nation'),
	(61, 6, 'Parc de Namba'),
	(62, 9, 'Paris de l\'Orient'),
	(63, 4, 'Pays de Neige'),
	(64, 9, 'People Square Dash'),
	(65, 3, 'Phare'),
	(66, 2, 'Plage'),
	(67, 4, 'Plongeon'),
	(68, 2, 'Pression au Port'),
	(69, 4, 'Ples Montagneux'),
	(70, 5, 'Quartier Rsidentiel'),
	(71, 6, 'Rat Race'),
	(72, 10, 'Rolling Motorway'),
	(73, 7, 'Route de Campagne Romaine'),
	(74, 2, 'Route de l\'Htel'),
	(75, 9, 'Route du Futur'),
	(76, 4, 'Route Gele'),
	(77, 1, 'Route Panoramique'),
	(78, 8, 'Rues de San Francisco'),
	(79, 3, 'Ruines Antiques'),
	(80, 8, 'Rush Minute'),
	(81, 10, 'Rue vers l\'Or'),
	(82, 6, 'Sakura Castle'),
	(83, 5, 'Saut Quantique'),
	(84, 1, 'Scenic Route'),
	(85, 9, 'Shen City'),
	(86, 9, 'Sommets de Pudong'),
	(87, 1, 'Subterranean Dash'),
	(88, 5, 'Surf Souterrain'),
	(89, 3, 'Terres Sauvages'),
	(90, 8, 'The Tunnel'),
	(91, 7, 'Tiber Cross'),
	(92, 7, 'Tiber Stream'),
	(93, 10, 'Time Travel'),
	(94, 6, 'Tour de Naniwa'),
	(95, 1, 'Tour du Caire'),
	(96, 5, 'Tourisme'),
	(97, 8, 'Tunnel Jam'),
	(98, 10, 'Une tornade'),
	(99, 10, 'US Sauvages'),
	(100, 2, 'Vallon de l\'Enfer'),
	(101, 3, 'Valle Rocheuse'),
	(102, 7, 'Ville Eternelle'),
	(103, 5, 'Vire  Wall Street'),
	(104, 10, 'Voyage dans le Temps'),
	(105, 4, 'Vote de neige'),
	(106, 6, 'Welcome to Osaka');
/*!40000 ALTER TABLE `race_track` ENABLE KEYS */;

CREATE TABLE IF NOT EXISTS `resume` (
  `id` int(10) unsigned NOT NULL AUTO_INCREMENT,
  `credit_garage` int(10) unsigned DEFAULT '0',
  `credit_token` smallint(5) unsigned DEFAULT '0',
  `credit_epic` smallint(5) unsigned DEFAULT '0',
  `number_max` int(10) unsigned NOT NULL,
  `number_my` int(10) unsigned NOT NULL,
  `level_max` smallint(5) unsigned NOT NULL,
  `level_my` smallint(5) unsigned NOT NULL,
  PRIMARY KEY (`id`)
) ENGINE=InnoDB DEFAULT CHARSET=utf8mb4 COLLATE=utf8mb4_unicode_ci;

/*!40000 ALTER TABLE `resume` DISABLE KEYS */;
INSERT IGNORE INTO `resume` (`id`, `credit_garage`, `credit_token`, `credit_epic`, `number_max`, `number_my`, `level_max`, `level_my`) VALUES
	(1, 18500000, 16065, 3660, 5000000, 6804707, 18, 18);
/*!40000 ALTER TABLE `resume` ENABLE KEYS */;

CREATE TABLE IF NOT EXISTS `_migrations_` (
  `version` varchar(512) COLLATE utf8_unicode_ci NOT NULL,
  `executed_at` datetime DEFAULT NULL,
  `execution_time` int(11) DEFAULT NULL
) ENGINE=InnoDB DEFAULT CHARSET=utf8 COLLATE=utf8_unicode_ci;

/*!40000 ALTER TABLE `_migrations_` DISABLE KEYS */;
/*!40000 ALTER TABLE `_migrations_` ENABLE KEYS */;

/*!40101 SET SQL_MODE=IFNULL(@OLD_SQL_MODE, '') */;
/*!40014 SET FOREIGN_KEY_CHECKS=IF(@OLD_FOREIGN_KEY_CHECKS IS NULL, 1, @OLD_FOREIGN_KEY_CHECKS) */;
/*!40101 SET CHARACTER_SET_CLIENT=@OLD_CHARACTER_SET_CLIENT */;
