"Brand";"Model";"Stars";"GameUpdate";"CarOrder";"StatOrder";"Level";"Epic";"Evo";"SettingClass"
"Acura";"2017 NSX";"4";"0";"20";"42";"11";"4";"0";"class-c"
"Aston Martin";"DB11";"3";"0";"2";"69";"10";"4";"0";"class-b"
"Aston Martin";"Vulcan";"4";"0";"1";"63";"11";"8";"0";"class-a"
"BMW";"M4 GTS";"3";"0";"7";"19";"10";"4";"0";"class-c"
"BMW";"Z4 LCI E89";"3";"0";"2";"43";"10";"0";"0";"class-d"
"BMW";"3.0 CSL Hommage";"3";"0";"2";"54";"10";"4";"0";"class-c"
"Bugatti";"Chiron";"6";"0";"39";"23";"13";"16";"0";"class-s"
"Cadillac";"Cien Concept";"4";"0";"13";"51";"11";"8";"0";"class-b"
"Chevrolet";"Camaro LT";"3";"0";"3";"39";"10";"0";"0";"class-d"
"Chevrolet";"Corvette Grand Sport";"5";"0";"35";"13";"12";"8";"0";"class-b"
"Chevrolet";"Camaro ZL1 50th Edition";"3";"0";"4";"49";"10";"4";"0";"class-c"
"Dodge";"Viper GTS";"4";"0";"5";"59";"11";"8";"0";"class-a"
"Dodge";"Challenger SRT8";"3";"0";"1";"56";"10";"4";"0";"class-c"
"Dodge";"Viper ACR";"4";"0";"13";"27";"11";"4";"0";"class-c"
"Dodge";"Challenger Pack 392 Hemi Scat";"3";"0";"9";"32";"10";"0";"0";"class-d"
"DS Automobiles";"DS E-Tense";"3";"0";"8";"10";"10";"0";"0";"class-d"
"Exotic Rides";"W70";"3";"0";"5";"70";"10";"4";"0";"class-b"
"Ferrari";"F12TDF";"5";"0";"30";"43";"12";"8";"0";"class-b"
"Ferrari";"FXX K";"5";"0";"2";"73";"12";"12";"0";"class-s"
"Ferrari";"488 GTB";"4";"0";"20";"50";"11";"8";"0";"class-b"
"Ferrari";"LaFerrari";"5";"0";"7";"53";"12";"12";"0";"class-a"
"Ford";"GT";"4";"0";"7";"61";"11";"8";"0";"class-b"
"Ford";"Shelby GT350R";"4";"0";"21";"28";"11";"4";"0";"class-d"
"Glickenhaus";"003S";"4";"0";"24";"48";"11";"8";"0";"class-b"
"Icona";"Vulcano Titanium";"5";"0";"4";"71";"12";"12";"0";"class-s"
"Jaguar";"F-Type SVR";"4";"0";"3";"68";"11";"8";"0";"class-b"
"Koenigsegg";"Regera";"6";"0";"31";"22";"13";"16";"0";"class-s"
"Lamborghini";"Aventador SV Coupé";"5";"0";"11";"51";"12";"12";"0";"class-a"
"Lamborghini";"Asterion";"4";"0";"8";"59";"11";"7";"0";"class-b"
"Lamborghini";"Centenario";"5";"0";"1";"74";"12";"12";"0";"class-s"
"Lamborghini";"Terzo Millennio";"6";"0";"20";"64";"13";"16";"0";"class-s"
"Lamborghini";"Egoista";"6";"0";"10";"69";"13";"16";"0";"class-s"
"Lotus";"Evora Sport 410";"3";"0";"5";"52";"10";"4";"0";"class-c"
"McLaren";"P1";"5";"0";"9";"54";"12";"12";"0";"class-a"
"Mercedes-Benz";"AMG GT S";"3";"0";"6";"16";"10";"4";"0";"class-c"
"Mitsubishi";"Lancer Evolution";"3";"0";"1";"42";"10";"0";"0";"class-d"
"Nissan";"GT-R Nismo";"4";"0";"2";"62";"11";"8";"0";"class-a"
"Nissan";"37OZ Nismo";"3";"0";"5";"29";"10";"0";"0";"class-d"
"Pagani";"Huayra BC";"6";"0";"38";"24";"13";"16";"0";"class-a"
"Pininfarina";"H2 Speed";"4";"0";"16";"37";"11";"4";"0";"class-c"
"Porsche";"718 Cayman";"4";"0";"15";"27";"11";"4";"0";"class-d"
"Porsche";"918 Spyder";"5";"0";"22";"45";"12";"12";"0";"class-a"
"Porsche";"911 GTS Coupé";"3";"0";"1";"71";"10";"4";"0";"class-b"
"Rezvani";"Beast X";"4";"0";"8";"45";"11";"4";"0";"class-c"
"Rimac";"C TWO";"6";"0";"99";"42";"4";"0";"0";"class-s"
"Trion";"Nemesis";"6";"0";"13";"32";"13";"16";"0";"class-s"
"VLF";"Force 1 V10";"5";"0";"18";"42";"12";"12";"0";"class-a"
"Volkswagen";"XL Sport Concept";"3";"0";"7";"33";"10";"0";"0";"class-d"
"W Motors";"Lykan Hypersport";"5";"0";"5";"68";"12";"12";"0";"class-s"
"W Motors";"Fenyr Supersport";"6";"0";"23";"50";"13";"11";"0";"class-s"
"Ferrari";"J50";"4";"1";"4";"60";"11";"8";"0";"class-a"
"Lotus";"Elise Sprint 220";"4";"1";"17";"2";"11";"4";"0";"class-d"
"Genty";"Akylone";"6";"2";"47";"29";"13";"16";"0";"class-a"
"Maserati";"Alfieri";"4";"2";"21";"46";"11";"4";"0";"class-c"
"McLaren";"570S Spider";"6";"2";"27";"34";"13";"16";"0";"class-a"
"Sin";"R1 550";"5";"2";"40";"18";"12";"8";"0";"class-b"
"Apollo";"N";"5";"3";"44";"30";"12";"8";"0";"class-b"
"Vencer";"Sarthe";"5";"3";"35";"30";"12";"8";"0";"class-c"
"Zenvo";"TS1 GT Anniversary";"6";"3";"25";"52";"13";"16";"0";"class-s"
"Lamborghini";"Huracán Evo Spyder";"5";"4";"55";"7";"12";"8";"0";"class-b"
"Lamborghini";"Aventador J";"5";"5";"29";"25";"12";"12";"0";"class-a"
"Mercedes-Benz";"SLR McLaren";"5";"5";"45";"21";"12";"8";"0";"class-b"
"Ferrari";"LaFerrari Aperta";"6";"6";"43";"13";"13";"16";"0";"class-a"
"Ferrari";"812 Superfast";"5";"6";"13";"50";"12";"12";"0";"class-a"
"Ginetta";"G60";"4";"6";"26";"11";"11";"4";"0";"class-d"
"Koenigsegg";"Jesko";"6";"6";"46";"9";"13";"12";"0";"class-s"
"Porsche";"911 Targa 4S";"4";"6";"23";"34";"11";"4";"0";"class-d"
"Arrinera";"Hussarya 33";"5";"7";"47";"23";"12";"8";"0";"class-c"
"Artega";"Scalo Superelletra";"4";"7";"18";"40";"11";"4";"0";"class-c"
"Aston Martin";"Vantage GT12";"5";"7";"37";"11";"12";"8";"0";"class-b"
"McLaren";"Senna";"6";"7";"18";"37";"13";"16";"0";"class-s"
"Porsche";"911 GT3 RS";"6";"7";"61";"1";"13";"12";"0";"class-b"
"TVR";"Griffith";"4";"7";"31";"20";"11";"4";"0";"class-d"
"Aston Martin";"DBS Superleggera";"5";"8";"47";"16";"12";"8";"0";"class-b"
"Automobili Pininfarina";"Battista";"6";"8";"27";"47";"13";"16";"0";"class-s"
"Vanda Electrics";"Dendrobium";"6";"8";"23";"5";"13";"16";"0";"class-a"
"Chevrolet";"Corvette ZR1";"5";"9";"15";"49";"12";"12";"0";"class-a"
"Ford";"Shelby GR-1";"4";"9";"15";"35";"11";"4";"0";"class-c"
"Italdesign";"Zerouno";"4";"9";"17";"58";"11";"8";"0";"class-b"
"Mazda";"Furai";"4";"9";"33";"19";"11";"4";"0";"class-d"
"Nissan";"Leaf Nismo RC";"3";"9";"4";"41";"10";"0";"0";"class-d"
"Rimac";"Nevera";"6";"9";"53";"43";"13";"11";"0";"class-s"
"Techrules";"AT96 track version";"6";"9";"50";"23";"13";"16";"0";"class-a"
"Honda";"Civic Type-R";"4";"10";"29";"14";"11";"4";"0";"class-d"
"Lotus";"Evija";"6";"10";"65";"22";"13";"12";"0";"class-b"
"Porsche";"911 GT1 Evolution";"4";"11";"6";"64";"11";"8";"0";"class-b"
"Porsche";"Taycan Turbo S";"4";"11";"30";"17";"11";"4";"0";"class-d"
"Porsche";"Carrera GT";"5";"11";"56";"3";"12";"8";"0";"class-b"
"Porsche";"911 GT2 RS Clubsport";"6";"11";"37";"14";"13";"16";"0";"class-a"
"Porsche";"718 Cayman GT4 Clubsport";"5";"11";"40";"3";"12";"8";"0";"class-c"
"Lamborghini";"Veneno";"6";"12";"7";"66";"13";"4";"0";"class-s"
"Lamborghini";"Gallardo LP560-4";"5";"12";"51";"4";"12";"8";"0";"class-c"
"Lamborghini";"SC18";"6";"12";"40";"32";"13";"8";"0";"class-a"
"Lamborghini";"Sián FKP 37";"6";"12";"34";"35";"12";"9";"0";"class-s"
"McLaren";"F1 LM";"6";"12";"66";"4";"13";"12";"0";"class-b"
"BXR";"Bailey Blade GT1";"6";"13";"40";"16";"13";"16";"0";"class-s"
"Chevrolet";"Corvette Stingray";"5";"13";"41";"32";"12";"8";"0";"class-c"
"Chevrolet";"Corvette C7.R";"5";"13";"36";"21";"12";"2";"0";"class-d"
"Ford";"GT MK II";"4";"13";"15";"49";"11";"6";"0";"class-b"
"SSC";"Tuatara";"6";"13";"56";"7";"13";"16";"0";"class-s"
"Apex";"AP-0";"5";"14";"36";"14";"12";"8";"0";"class-b"
"Aston Martin";"Valhalla Concept Car";"6";"14";"53";"12";"13";"16";"0";"class-a"
"Bentley";"Mulliner Bacalar";"5";"14";"37";"18";"12";"8";"0";"class-c"
"Bentley";"Continental GT3";"4";"14";"32";"12";"11";"1";"0";"class-d"
"Jaguar";"C-X75";"5";"14";"16";"31";"12";"12";"0";"class-a"
"McLaren";"Speedtail";"6";"14";"29";"27";"13";"16";"0";"class-s"
"Ferrari";"F8 Tributo";"6";"15";"44";"4";"13";"16";"0";"class-a"
"Ferrari";"599XX EVO";"5";"15";"44";"2";"12";"3";"0";"class-c"
"Ferrari";"F40";"5";"15";"30";"53";"12";"3";"0";"class-c"
"Ferrari";"488 GTB Challenge EVO";"6";"15";"62";"6";"13";"8";"0";"class-b"
"Ferrari";"SF90 Stradale";"6";"15";"16";"57";"13";"16";"0";"class-s"
"Ferrari";"Enzo Ferrari";"5";"15";"42";"23";"12";"8";"0";"class-b"
"Apollo";"IE";"5";"16";"39";"27";"12";"8";"0";"class-b"
"BMW";"I8 Roadster";"4";"16";"12";"6";"11";"4";"0";"class-d"
"Bugatti";"Divo";"6";"16";"41";"44";"6";"3";"0";"class-s"
"Bugatti";"La Voiture Noire";"6";"16";"59";"17";"8";"2";"0";"class-s"
"Citroën";"GT by Citroën";"6";"16";"34";"19";"13";"16";"0";"class-a"
"Lamborghini";"Huracán Super Trofeo Evo";"5";"16";"38";"5";"12";"7";"0";"class-d"
"Peugeot";"Onyx";"6";"16";"30";"20";"13";"14";"0";"class-a"
"Acura";"NSX GT3 EVO";"5";"17";"34";"6";"12";"1";"0";"class-c"
"Aspark";"Owl";"6";"17";"51";"55";"12";"15";"0";"class-s"
"Inferno Automobili";"Settimo Cerchio";"6";"17";"99";"24";"0";"0";"0";"class-s"
"Inferno Automobili";"Inferno";"6";"17";"37";"28";"8";"6";"0";"class-s"
"Infiniti";"Projet Black S";"4";"17";"16";"24";"11";"4";"0";"class-d"
"Nio";"EP9";"4";"17";"3";"58";"11";"8";"0";"class-a"
"ATS Automobili";"Corsa RRTurbo";"4";"18";"27";"47";"11";"2";"0";"class-c"
"Ferrari";"Roma";"4";"18";"10";"54";"11";"8";"0";"class-b"
"Italdesign";"DaVinci";"4";"18";"11";"22";"11";"4";"0";"class-d"
"Lamborghini";"Essenza SCV12";"5";"18";"48";"26";"12";"8";"0";"class-b"
"Lamborghini";"Murcielago LP 640 Roadster";"5";"18";"32";"41";"12";"8";"0";"class-b"
"Mazzanti";"Evantra Millecavalli";"6";"18";"99";"33";"0";"7";"0";"class-s"
"Pagani";"Imola";"6";"18";"54";"11";"13";"16";"0";"class-a"
"Aston Martin";"Valkyrie";"6";"19";"24";"49";"8";"8";"0";"class-s"
"Aston Martin";"Victor";"6";"19";"36";"22";"13";"16";"0";"class-a"
"Renault";"R.S. 01";"5";"19";"32";"24";"12";"8";"0";"class-c"
"Volkswagen";"W12 Coupe";"6";"19";"68";"5";"13";"12";"0";"class-b"
"Zenvo";"TSR-S";"5";"19";"59";"20";"12";"2";"0";"class-b"
"Aston Martin";"V12 Speedster";"4";"20";"10";"28";"11";"4";"0";"class-c"
"Bugatti";"Veyron 16.4 Grand Sport Vitesse";"6";"20";"19";"63";"3";"7";"0";"class-s"
"Hennessey";"Venom F5";"6";"20";"66";"5";"6";"2";"0";"class-s"
"Lamborghini";"SC20";"6";"20";"45";"26";"10";"4";"0";"class-a"
"Lamborghini";"Aventador SVJ Roadster";"6";"20";"21";"27";"13";"16";"0";"class-a"
"McLaren";"Elva";"5";"20";"25";"39";"12";"8";"0";"class-b"
"Drako";"GTE";"4";"21";"22";"53";"11";"8";"0";"class-b"
"Lego Technic";"McLaren Senna GTR";"3";"21";"14";"46";"10";"3";"0";"class-a"
"Pagani";"Zonda HP Barchetta";"5";"21";"10";"47";"12";"2";"0";"class-a"
"Raesr";"Tachyon Speed";"6";"21";"6";"67";"8";"3";"0";"class-s"
"Renault";"TreZor";"4";"21";"27";"16";"11";"4";"0";"class-d"
"Rimac";"Concept_One";"6";"21";"52";"28";"10";"12";"0";"class-a"
"Toroidion";"1MW";"6";"21";"44";"11";"0";"1";"0";"class-s"
"Volkswagen";"Electric R";"5";"21";"39";"4";"12";"1";"0";"class-d"
"Arash";"AF10";"4";"22";"11";"66";"11";"8";"0";"class-b"
"Glickenhaus";"004C";"5";"22";"40";"3";"12";"8";"0";"class-d"
"Glickenhaus";"007S";"6";"22";"33";"36";"13";"16";"0";"class-a"
"Koenigsegg";"Gemera";"6";"22";"64";"46";"13";"4";"0";"class-s"
"Lotus";"Emira";"4";"22";"24";"25";"11";"4";"0";"class-d"
"McLaren";"GT";"5";"22";"53";"9";"12";"8";"0";"class-c"
"Naran";"Hyper Coupé";"6";"22";"28";"61";"3";"1";"0";"class-s"
"Nissan";"GTR-50 Italdesign";"5";"22";"58";"28";"12";"8";"0";"class-b"
"Pagani";"Zonda R";"6";"22";"31";"43";"13";"10";"0";"class-a"
"Saleen";"S1";"4";"22";"19";"22";"11";"4";"0";"class-c"
"Aston Martin";"One77";"5";"23";"43";"35";"12";"8";"0";"class-b"
"McLaren";"Senna GTR";"5";"23";"20";"41";"12";"12";"0";"class-a"
"Puritalia";"Berlinetta";"5";"23";"51";"8";"12";"8";"0";"class-b"
"Ultima";"RS";"6";"23";"33";"30";"13";"16";"0";"class-s"
"Vision";"1789";"6";"23";"21";"59";"13";"16";"0";"class-s"
"Arash";"AF8 Falcon Édition";"4";"24";"19";"46";"11";"3";"0";"class-b"
"Bolwell";"MK X Nagari 500";"4";"24";"14";"33";"11";"4";"0";"class-c"
"Brabham";"BT62";"5";"24";"42";"1";"12";"1";"0";"class-c"
"Tushek";"TS 900 Racer Pro";"6";"24";"42";"45";"0";"1";"0";"class-s"
"Lamborghini";"Countach 25th Anniversary";"4";"25";"20";"35";"11";"4";"0";"class-d"
"Lamborghini";"Sesto Elemento";"6";"25";"60";"17";"13";"12";"0";"class-b"
"Lamborghini";"Diablo GT";"5";"25";"46";"15";"12";"8";"0";"class-c"
"Lamborghini";"Miura Concept";"5";"25";"39";"31";"12";"3";"0";"class-c"
"Lamborghini";"Reventón Roadster";"5";"25";"41";"24";"10";"3";"0";"class-b"
"Lamborghini";"Countach LPI 800-4";"6";"25";"57";"3";"10";"16";"0";"class-a"
"Bentley";"Continental GT Speed";"4";"26";"6";"55";"11";"7";"0";"class-a"
"Bugatti";"EB110";"5";"26";"49";"8";"12";"8";"0";"class-c"
"Bugatti";"Centodieci";"6";"26";"48";"41";"6";"1";"0";"class-s"
"Ferrari";"Monza SP1";"4";"26";"26";"50";"11";"4";"0";"class-c"
"McLaren";"765LT";"5";"26";"33";"38";"12";"8";"0";"class-b"
"McLaren";"600LT Spider";"5";"26";"50";"9";"12";"3";"0";"class-b"
"Pagani";"Huayra R";"6";"26";"69";"12";"13";"2";"0";"class-b"
"Renault";"Dezir";"4";"26";"10";"15";"11";"4";"0";"class-d"
"Ajlani";"Drakuma";"6";"27";"36";"25";"0";"1";"0";"class-s"
"Jaguar";"XE SV Project 8";"5";"27";"29";"51";"0";"0";"0";"class-c"
"Koenigsegg";"Agera RS";"6";"27";"54";"8";"13";"7";"0";"class-s"
"Nissan";"R390 GT1";"5";"27";"28";"44";"12";"8";"0";"class-b"
"Peugeot";"SR1";"4";"27";"13";"37";"11";"0";"0";"class-d"
"Ares";"S1";"5";"28";"45";"12";"12";"8";"0";"class-c"
"Bugatti";"Bolide";"6";"28";"69";"10";"3";"1";"0";"class-s"
"Chrysler";"ME412";"6";"28";"12";"58";"0";"1";"0";"class-s"
"Faraday Future";"FFZero1";"6";"28";"30";"60";"8";"3";"0";"class-s"
"Jaguar";"XJ220S TWR";"6";"28";"9";"62";"8";"8";"0";"class-s"
"McLaren";"650S GT3";"6";"28";"39";"9";"13";"8";"0";"class-a"
"Peugeot";"9X8";"6";"28";"25";"15";"13";"16";"0";"class-a"
"Porsche";"Boxster 25th Anniversary";"3";"28";"3";"55";"10";"2";"0";"class-c"
"Praga";"R1";"4";"28";"25";"18";"11";"0";"0";"class-d"
"Donkervoort";"D8 GTO";"3";"29";"11";"34";"10";"4";"0";"class-c"
"Ferrari";"F50";"4";"29";"4";"67";"9";"2";"0";"class-b"
"Mercedes-Benz";"AMG GT Black Series";"5";"29";"54";"14";"12";"8";"0";"class-c"
"Spania GTA";"2015 GTA Spano";"6";"29";"14";"65";"0";"2";"0";"class-s"
"Torino Design";"Super Sport";"6";"29";"38";"31";"8";"5";"0";"class-s"
"FV Frangivento";"Sorpasso GT3";"6";"30";"17";"70";"6";"3";"0";"class-s"
"Jaguar";"XJR-9";"6";"30";"56";"2";"10";"5";"0";"class-a"
"Kepler";"Motion";"3";"30";"21";"56";"5";"1";"0";"class-b"
"Koenigsegg";"CCXR";"6";"30";"58";"19";"10";"2";"0";"class-s"
"KTM";"X-Bow GTX";"3";"30";"6";"38";"10";"0";"0";"class-d"
"Lamborghini";"Revuelto";"6";"30";"70";"19";"13";"12";"0";"class-b"
"Maserati";"MC12";"5";"30";"36";"38";"10";"2";"0";"class-c"
"Apollo";"EVO";"6";"31";"64";"25";"0";"5";"0";"class-b"
"BMW";"M4 GT3";"4";"31";"12";"63";"11";"2";"0";"class-b"
"De Tomaso";"P72";"6";"31";"60";"10";"12";"12";"0";"class-a"
"Mercedes-Benz";"CLK-GTR";"5";"31";"33";"21";"12";"4";"0";"class-c"
"Porsche";"Panamera Turbo S";"5";"31";"50";"11";"12";"8";"0";"class-c"
"Porsche";"935 (2019)";"6";"31";"35";"17";"13";"16";"0";"class-a"
"Jaguar";"XJR-15";"4";"32";"23";"36";"7";"1";"0";"class-c"
"Koenigsegg";"CC850";"6";"32";"67";"12";"10";"11";"0";"class-s"
"McLaren";"Solus GT";"5";"32";"53";"2";"12";"2";"0";"class-b"
"Nissan";"370Z Édition Néon";"4";"32";"28";"7";"11";"0";"0";"class-d"
"Noble";"M600 Speedster";"6";"32";"51";"44";"13";"4";"0";"class-a"
"Saleen";"S7 Twin Turbo";"6";"32";"32";"18";"3";"1";"0";"class-s"
"Bugatti";"Chiron Super Sport 300+";"6";"33";"57";"20";"8";"10";"0";"class-s"
"Deus";"Vayanne";"6";"33";"63";"39";"13";"2";"0";"class-s"
"Ford";"Mustang Mach-E1400";"5";"33";"42";"9";"12";"1";"0";"class-d"
"Maserati";"MC20";"5";"33";"31";"10";"10";"2";"0";"class-b"
"McLaren";"Artura";"4";"33";"18";"57";"11";"8";"0";"class-b"
"Rimac";"Concept S";"6";"33";"26";"51";"6";"3";"0";"class-s"
"Aston Martin";"DBS GT Zagato";"6";"34";"26";"21";"12";"1";"0";"class-a"
"Devel";"Sixteen";"6";"34";"71";"1";"12";"1";"0";"class-s"
"Ferrari";"296 GTB";"5";"34";"52";"20";"12";"8";"0";"class-c"
"Ford";"Team Fordzilla P1";"6";"34";"55";"39";"12";"10";"0";"class-a"
"Lamborghini";"Invencible";"5";"34";"54";"32";"12";"8";"0";"class-b"
"Mercedes-Benz";"2022 Showcar Vision AMG";"4";"34";"25";"43";"11";"4";"0";"class-c"
"Alfa Romeo";"Giulia GTAm";"5";"35";"34";"30";"8";"5";"0";"class-d"
"ATS Automobili";"GT";"6";"35";"8";"72";"3";"2";"0";"class-s"
"Ferrari";"Daytona SP3";"5";"35";"55";"13";"12";"4";"0";"class-c"
"Formule E";"GEN 2 Asphalt Édition";"5";"35";"28";"5";"12";"8";"0";"class-c"
"Lamborghini";"Huracán STO";"4";"35";"16";"55";"0";"0";"0";"class-b"
"Pagani";"Utopia Coupé";"6";"35";"46";"6";"13";"7";"0";"class-a"
"W Motors";"Lykan Édition Néon";"6";"35";"49";"26";"6";"0";"0";"class-s"
"Aston Martin";"Vantage V12 2022";"5";"36";"37";"26";"12";"3";"0";"class-d"
"De Tomaso";"P900";"5";"36";"38";"26";"10";"2";"0";"class-c"
"FV Frangivento";"Asfanè";"6";"36";"49";"30";"10";"1";"0";"class-a"
"Lamborghini";"SC63";"5";"36";"49";"37";"12";"12";"0";"class-b"
"Porsche";"911 Carrera RS 3.8";"4";"36";"14";"36";"11";"1";"0";"class-d"
"Zenvo";"Aurora Tur";"6";"36";"65";"15";"13";"3";"0";"class-s"
"Aston Martin";"DB12";"5";"37";"27";"33";"10";"1";"0";"class-b"
"Lotus";"E-R9";"5";"37";"72";"31";"12";"12";"0";"class-b"
"Maserati";"MC20 GT2";"5";"37";"43";"39";"6";"5";"0";"class-c"
"McMurtry";"Spéirling";"5";"37";"12";"52";"10";"8";"0";"class-a"
"Nissan";"GT-R Néon Édition";"6";"37";"15";"56";"10";"5";"0";"class-s"
"Bugatti";"Chiron Pur Sport";"6";"38";"45";"34";"13";"16";"0";"class-s"
"Ferrari";"SF90 XX Stradale";"6";"38";"41";"33";"13";"1";"0";"class-a"
"Ford";"GT Frankie Edition";"5";"38";"19";"38";"8";"0";"0";"class-a"
"Ford";"Mustang RTR Spec 5 10th Anniversary";"4";"38";"9";"60";"0";"0";"0";"class-b"
"Koenigsegg";"Jesko Absolut";"6";"38";"70";"3";"13";"5";"0";"class-s"
"Lamborghini";"Autentica";"5";"38";"3";"75";"10";"12";"0";"class-s"
"Porsche";"Mission R";"3";"38";"24";"41";"10";"4";"0";"class-c"
"Aston Martin";"Valour";"4";"39";"14";"65";"9";"5";"0";"class-b"
"Automobili Pininfarina";"Battista Edizione Nino Farina";"6";"39";"28";"57";"13";"16";"0";"class-a"
"Bugatti";"Mistral";"6";"39";"50";"14";"8";"2";"0";"class-s"
"Czinger";"21C";"6";"39";"60";"48";"13";"6";"0";"class-s"
"Lamborghini";"Temerario";"6";"39";"71";"15";"13";"12";"0";"class-b"
"Mercedes-Benz";"Vision One-Eleven";"6";"39";"61";"1";"13";"16";"0";"class-a"
"Rimac";"Nevera Time Attack";"6";"39";"47";"53";"13";"16";"0";"class-s"
"TVR";"Sagaris";"4";"39";"17";"29";"11";"2";"0";"class-c"
"DS Automobiles";"E-TENSE Performance";"5";"40";"41";"23";"8";"5";"0";"class-d"
"Ferrari";"499P Modificata";"6";"40";"59";"7";"13";"15";"0";"class-a"
"Ford";"Shelby Super Snake";"6";"40";"48";"37";"12";"2";"0";"class-a"
"Jaguar";"XKR-S GT";"4";"40";"9";"48";"11";"0";"0";"class-c"
"McLaren";"Sabre";"6";"40";"32";"48";"13";"9";"0";"class-a"
"Pininfarina";"Teorema";"6";"40";"22";"54";"0";"2";"0";"class-s"
"Porsche";"911 Turbo 50 Years";"4";"40";"23";"52";"4";"2";"0";"class-b"
"Raesr";"Tartarus";"6";"40";"72";"2";"0";"0";"0";"class-s"
"FV Frangivento";"GT65";"5";"41";"57";"42";"10";"2";"0";"class-b"
"HTT";"Locus Pléthore LC750";"6";"41";"55";"13";"3";"1";"0";"class-s"
"Kimera";"EVO37";"5";"41";"43";"1";"8";"3";"0";"class-d"
"Lego Technic";"Chevrolet Corvette Stingray";"5";"41";"29";"40";"12";"2";"0";"class-b"
"Porsche";"911 50 Years Porsche Design";"4";"41";"22";"7";"4";"1";"0";"class-c"
"Praga";"Bohema";"5";"41";"31";"10";"8";"1";"0";"class-c"
"Ford";"GT MK IV";"6";"42";"67";"62";"13";"2";"0";"class-b"
"Hyundai";"Ioniq 5 N";"4";"42";"22";"31";"11";"1";"0";"class-d"
"Hyundai";"N Vision 74 Concept";"6";"42";"11";"76";"6";"0";"0";"class-s"
"Lexus";"Electrified Sport Concept";"6";"42";"58";"61";"12";"7";"0";"class-a"
"SSC";"Tuatara Striker";"6";"42";"61";"29";"13";"2";"0";"class-s"
"Toyota";"GR Supra 2023";"4";"42";"19";"40";"11";"2";"0";"class-d"
"Toyota";"GR Super Sport Concept";"5";"42";"52";"47";"6";"1";"0";"class-b"
"Formule E";"GEN 3 EVO Championship Edition";"5";"43";"34";"45";"12";"8";"0";"class-b"
"Lego Technic";"Aston Martin Valkyrie";"5";"43";"17";"40";"6";"5";"0";"class-a"
"Mercedes-Benz";"Mercedes-AMG ONE";"6";"43";"42";"16";"13";"4";"0";"class-a"
"Nissan";"Z GT4";"5";"43";"56";"17";"10";"3";"0";"class-c"
"SSC";"Ultimate Aero TT";"6";"43";"43";"38";"8";"6";"0";"class-s"
"Toyota";"GR Supra Racing Concept";"5";"43";"35";"13";"12";"4";"0";"class-d"
"Arash";"Imperium";"6";"44";"73";"4";"3";"0";"0";"class-s"
"Citroën";"DS Survolt";"4";"44";"12";"44";"7";"0";"0";"class-c"
"Ferrari";"F12 Berlinetta";"5";"44";"38";"34";"8";"0";"0";"class-b"
"Lego Technic";"Lamborghini Revuelto";"6";"44";"63";"36";"8";"0";"0";"class-b"
"Lego Technic";"Ferrari FXX K";"5";"44";"8";"56";"6";"0";"0";"class-a"
"Mercedes-Benz";"Silver Lightning";"6";"44";"63";"8";"12";"5";"0";"class-a"
"Mosler";"Super GT";"6";"44";"68";"6";"6";"7";"0";"class-s"
"Pagani";"Zonda Cinque";"6";"44";"24";"18";"10";"0";"0";"class-a"
"Aston Martin";"DBS 770 Ultimate";"5";"45";"48";"25";"8";"0";"0";"class-c"
"Automobili Pininfarina";"B95";"6";"45";"62";"35";"6";"5";"0";"class-a"
"BMW";"M Hybrid V8";"5";"45";"46";"29";"6";"6";"0";"class-b"
"Ford";"Mustang RTR Spec 5-FD";"6";"45";"35";"36";"12";"14";"0";"class-s"
"Koenigsegg";"One:1";"6";"45";"62";"21";"6";"6";"0";"class-s"
"Lotus";"Emeya";"4";"45";"18";"8";"7";"0";"0";"class-d"
"Raesr";"Aglaia";"6";"45";"52";"40";"6";"1";"0";"class-s"
"Dodge";"Charger SRT Hellcat Redeye Widebody";"5";"46";"57";"99";"6";"0";"0";"class-c"
"Koenigsegg";"Chimera";"6";"46";"78";"99";"3";"0";"0";"class-s"
"Lego Technic";"Bugatti Chiron Pur Sport";"6";"46";"76";"99";"3";"1";"0";"class-s"
"McLaren";"750S Coupé";"5";"46";"71";"99";"6";"1";"0";"class-b"
"Mercedes-Benz";"C 63 AMG DTM";"5";"46";"57";"99";"3";"2";"0";"class-c"
"Tushek";"Aeon E";"6";"46";"71";"99";"8";"2";"0";"class-s"
"Zenvo";"Aurora Agil";"6";"46";"63";"99";"6";"0";"0";"class-a"
"Icona";"Vulcano Spyder";"6";"47";"78";"99";"0";"1";"0";"class-s"
"Lego Technic";"BMW M4 GT3 EVO";"5";"47";"72";"99";"3";"2";"0";"class-b"
"Lexus";"LFA Nürburgring Package";"5";"47";"58";"99";"8";"1";"0";"class-c"
"Nilu27";"Nilu";"6";"47";"78";"99";"6";"8";"0";"class-s"
"Porsche";"935 Dragonforce Edition";"6";"47";"64";"99";"8";"4";"0";"class-a"
"Rimac";"Nevera R";"6";"47";"78";"99";"3";"0";"0";"class-s"
"Ares";"Panther";"6";"48";"99";"99";"12";"6";"0";"class-b"
"Ferrante Design";"Elytron";"6";"48";"75";"99";"2";"0";"0";"class-s"
"Ferrari";"12 Cilindri";"6";"48";"99";"99";"3";"0";"0";"class-b"
"Lamborghini";"Huracán Sterrato";"5";"48";"99";"99";"6";"0";"0";"class-d"
"Mercedes-Benz";"C11";"6";"48";"26";"99";"3";"0";"0";"class-s"
"Porsche";"919 Street";"6";"48";"99";"99";"8";"4";"0";"class-a"
"Porsche";"917 Living Legend";"5";"48";"99";"99";"6";"5";"0";"class-b"
"Porsche";"911 GT3 R rennsport";"5";"48";"50";"99";"10";"1";"0";"class-c"
"Porsche";"918 Spyder Asphalt Edition";"6";"48";"13";"99";"8";"14";"0";"class-s"
"Audi";"R18 E-Tron Quattro 2012";"6";"49";"99";"99";"0";"0";"0";"class-s"
"Audi";"R8 LMPI 2000";"6";"49";"99";"99";"0";"0";"0";"class-s"
"Audi";"R8 Coupé V1O Performance Quattro";"5";"49";"99";"99";"0";"0";"0";"class-c"
"Bentley";"Speed 8";"6";"49";"99";"99";"0";"0";"0";"class-a"
"Chevrolet";"Corvette Grand Sport 4th of July Edition";"6";"49";"99";"99";"0";"0";"0";"class-a"
"Ginetta";"Akula";"6";"49";"99";"99";"0";"0";"0";"class-b"
"TVR";"Cerbera Speed 12";"6";"49";"99";"99";"0";"0";"0";"class-s"
