Chapter;Name
1;"BMW Z4"
1;"The Heart of Kansai"
1;"Pure Muscle Car"
1;"Legendary Start"
1;Gearheads
1;"Exclusive Challenge Asia"
1;Escape
1;"Class D Rookie"
1;"Class D Novice"
1;"Class C Novice"
1;Camaro
2;"Full Throttle Season"
2;"Green Machines"
2;Heatwave
2;"Stars & Stripes"
2;"Ultimate Muscle"
2;"Volkswagen XL Sport"
2;"Class D Pro"
2;"Class D Elite"
2;"American Blaze"
2;"American Most Wanted"
2;"Class B Novice"
2;"Class B Rookie"
2;"Class C Pro"
2;"Class C Rookie"
3;Ford
3;"From North to South"
3;"Future Fast"
3;"German Wheels"
3;Lotus
3;Mercedes
3;"Super Cars 1 - The Beginning"
3;"Super Cars 2 - Rising"
3;"Welcome to Paradise"
3;"Fire & Lightning"
3;"European Season"
3;"Euro Tracks"
3;"American Extreme"
3;"Aston Martin"
3;BMW
3;"British Season"
3;"Class C Elite"
3;"Class D Master"
3;Dodge
3;"Eastern Getaway"
3;"Euro Rebels"
4;"Exotic Beasts"
4;"Italian Ride"
4;"Italian Season"
4;"Land Of The Racing Sun"
4;Porsche
4;"Sun Racers"
4;"Ultimate Experience"
4;"Urban Outcast"
4;"Euro Show Down"
4;Escapes
4;"British Beasts"
4;"Class A Novice"
4;"Class A Pro"
4;"Class A Rookie"
4;"Class B Elite"
4;"Class B Pro"
4;"Class C Master"
4;"Electric Season"
5;"Hybrid Ace"
5;Lamborghini
5;McLaren
5;"Roadtrips Interrupted"
5;"Super Cars 3 - Return To Ride"
5;"Tradition Meets Future"
5;"W Motors"
5;"Ferrari 1"
5;"Class S Rookie"
5;"Asphalt Hyper Machines"
5;"Class A Elite"
5;"Class A Master"
5;"Class B Master"
5;"Class S Elite"
5;"Class S Novice"
5;"Class S Pro"
6;"New Breed Rivals"
6;"Hyper Roam"
6;"French Connection"
6;"Ferrari 2"
6;"Euro Motors"
6;"Class S Master"
6;"British Tour"
6;"Bring the Heat"
6;"American Autos"
6;"Raging Bull"
